date,Open,High,Low,Close,Shares Traded,Turnover (Rs. Cr),Change-close
2011-01-03,-,-,-,2569.66,-,-,
2011-01-04,-,-,-,2570.12,-,-,0.46
2011-01-05,-,-,-,2533.88,-,-,-36.24
2011-01-06,-,-,-,2498.92,-,-,-34.96
2011-01-07,-,-,-,2420.21,-,-,-78.71
2011-01-08,-,-,-,2350.5,-,-,-69.71
2011-01-09,-,-,-,2331.13,-,-,-19.37
2011-01-10,-,-,-,2381.74,-,-,50.61
2011-01-11,-,-,-,2364.08,-,-,-17.66
2011-01-12,-,-,-,2332.94,-,-,-31.14
2011-01-13,-,-,-,2314.5,-,-,-18.44
2011-01-14,-,-,-,2332.31,-,-,17.81
2011-01-15,-,-,-,2337.7,-,-,5.39
2011-01-16,-,-,-,2339.27,-,-,1.57
2011-01-17,-,-,-,2350.09,-,-,10.82
2011-01-18,-,-,-,2387.33,-,-,37.24
2011-01-19,-,-,-,2366.66,-,-,-20.67
2011-01-20,-,-,-,2308.61,-,-,-58.05
2011-01-28,-,-,-,2239.51,-,-,-69.1
2011-01-31,-,-,-,2221.32,-,-,-18.19
2011-02-01,-,-,-,2181.79,-,-,-39.53
2011-02-02,-,-,-,2185.97,-,-,4.18
2011-02-03,-,-,-,2224.34,-,-,38.37
2011-02-04,-,-,-,2197.71,-,-,-26.63
2011-02-07,-,-,-,2184.71,-,-,-13
2011-02-08,-,-,-,2117.39,-,-,-67.32
2011-02-09,-,-,-,2025.54,-,-,-91.85
2011-02-10,-,-,-,2019.08,-,-,-6.46
2011-02-11,-,-,-,2076.07,-,-,56.99
2011-02-14,-,-,-,2174.62,-,-,98.55
2011-02-15,-,-,-,2175.4,-,-,0.78
2011-02-16,-,-,-,2181.77,-,-,6.37
2011-02-17,-,-,-,2202.26,-,-,20.49
2011-02-18,-,-,-,2154.24,-,-,-48.02
2011-02-21,-,-,-,2153.51,-,-,-0.73
2011-02-22,-,-,-,2139.54,-,-,-13.97
2011-02-23,-,-,-,2128.83,-,-,-10.71
2011-02-24,-,-,-,2053.23,-,-,-75.6
2011-02-25,-,-,-,2050.7,-,-,-2.53
2011-02-28,-,-,-,2066.98,-,-,16.28
2011-03-01,-,-,-,2135.9,-,-,68.92
2011-03-03,-,-,-,2131.47,-,-,-4.43
2011-03-04,-,-,-,2122.93,-,-,-8.54
2011-03-07,-,-,-,2092.11,-,-,-30.82
2011-03-08,-,-,-,2112.81,-,-,20.7
2011-03-09,-,-,-,2131.16,-,-,18.35
2011-03-10,-,-,-,2127.74,-,-,-3.42
2011-03-11,-,-,-,2110.06,-,-,-17.68
2011-03-14,-,-,-,2114.08,-,-,4.02
2011-03-15,-,-,-,2079.02,-,-,-35.06
2011-03-16,-,-,-,2116.1,-,-,37.08
2011-03-17,-,-,-,2110.79,-,-,-5.31
2011-03-18,-,-,-,2096.12,-,-,-14.67
2011-03-21,-,-,-,2089.58,-,-,-6.54
2011-03-22,-,-,-,2104.74,-,-,15.16
2011-03-23,-,-,-,2110.64,-,-,5.9
2011-03-24,-,-,-,2129.5,-,-,18.86
2011-03-25,-,-,-,2166.04,-,-,36.54
2011-03-28,-,-,-,2165.6,-,-,-0.44
2011-03-29,-,-,-,2164.48,-,-,-1.12
2011-03-30,-,-,-,2191.99,-,-,27.51
2011-03-31,-,-,-,2197.98,-,-,5.99
2011-04-01,-,-,-,2241.17,-,-,43.19
2011-04-04,-,-,-,2287.26,-,-,46.09
2011-04-05,-,-,-,2321.37,-,-,34.11
2011-04-06,-,-,-,2340.85,-,-,19.48
2011-04-07,-,-,-,2351.62,-,-,10.77
2011-04-08,-,-,-,2315.22,-,-,-36.4
2011-04-11,-,-,-,2289.51,-,-,-25.71
2011-04-13,-,-,-,2321.43,-,-,31.92
2011-04-15,-,-,-,2314.43,-,-,-7
2011-04-18,-,-,-,2279.22,-,-,-35.21
2011-04-19,-,-,-,2287.2,-,-,7.98
2011-04-20,-,-,-,2320.43,-,-,33.23
2011-04-21,-,-,-,2324.33,-,-,3.9
2011-04-25,-,-,-,2315.7,-,-,-8.63
2011-04-26,-,-,-,2322.24,-,-,6.54
2011-04-27,-,-,-,2320.5,-,-,-1.74
2011-04-28,-,-,-,2295.5,-,-,-25
2011-04-29,-,-,-,2275.74,-,-,-19.76
2011-05-02,-,-,-,2250.11,-,-,-25.63
2011-05-03,-,-,-,2211.92,-,-,-38.19
2011-05-04,-,-,-,2204.66,-,-,-7.26
2011-05-05,-,-,-,2182.45,-,-,-22.21
2011-05-06,-,-,-,2208.12,-,-,25.67
2011-05-09,-,-,-,2212.22,-,-,4.1
2011-05-10,-,-,-,2219.55,-,-,7.33
2011-05-11,-,-,-,2235.03,-,-,15.48
2011-05-12,-,-,-,2197.9,-,-,-37.13
2011-05-13,-,-,-,2217.78,-,-,19.88
2011-05-16,-,-,-,2193.35,-,-,-24.43
2011-05-17,-,-,-,2182.32,-,-,-11.03
2011-05-18,-,-,-,2159.96,-,-,-22.36
2011-05-19,-,-,-,2147.2,-,-,-12.76
2011-05-20,-,-,-,2167.39,-,-,20.19
2011-05-23,-,-,-,2135.91,-,-,-31.48
2011-05-24,-,-,-,2139.94,-,-,4.03
2011-05-25,-,-,-,2126.84,-,-,-13.1
2011-05-26,-,-,-,2123.73,-,-,-3.11
2011-05-27,-,-,-,2158.81,-,-,35.08
2011-05-30,-,-,-,2182.49,-,-,23.68
2011-05-31,-,-,-,2215.91,-,-,33.42
2011-06-01,-,-,-,2223.3,-,-,7.39
2011-06-02,-,-,-,2201.52,-,-,-21.78
2011-06-03,-,-,-,2196.01,-,-,-5.51
2011-06-06,-,-,-,2206.84,-,-,10.83
2011-06-07,-,-,-,2223.46,-,-,16.62
2011-06-08,-,-,-,2227.57,-,-,4.11
2011-06-09,-,-,-,2227.45,-,-,-0.12
2011-06-10,-,-,-,2221.27,-,-,-6.18
2011-06-13,-,-,-,2227.73,-,-,6.46
2011-06-14,-,-,-,2247.25,-,-,19.52
2011-06-15,-,-,-,2232.36,-,-,-14.89
2011-06-16,-,-,-,2211.11,-,-,-21.25
2011-06-17,-,-,-,2193.62,-,-,-17.49
2011-06-20,-,-,-,2113.77,-,-,-79.85
2011-06-21,-,-,-,2106.66,-,-,-7.11
2011-06-22,-,-,-,2097.2,-,-,-9.46
2011-06-23,-,-,-,2103.7,-,-,6.5
2011-06-24,-,-,-,2145.74,-,-,42.04
2011-06-27,-,-,-,2166.1,-,-,20.36
2011-06-28,-,-,-,2182.03,-,-,15.93
2011-06-29,-,-,-,2209.09,-,-,27.06
2011-06-30,-,-,-,2224.41,-,-,15.32
2011-07-01,-,-,-,2223.72,-,-,-0.69
2011-07-04,-,-,-,2238.47,-,-,14.75
2011-07-05,-,-,-,2241.22,-,-,2.75
2011-07-06,-,-,-,2240.13,-,-,-1.09
2011-07-07,-,-,-,2253.54,-,-,13.41
2011-07-08,-,-,-,2231.23,-,-,-22.31
2011-07-11,-,-,-,2215.67,-,-,-15.56
2011-07-12,-,-,-,2189.55,-,-,-26.12
2011-07-13,-,-,-,2221.15,-,-,31.6
2011-07-14,-,-,-,2226.43,-,-,5.28
2011-07-15,-,-,-,2225.26,-,-,-1.17
2011-07-18,-,-,-,2222.29,-,-,-2.97
2011-07-19,-,-,-,2234.76,-,-,12.47
2011-07-20,-,-,-,2221.96,-,-,-12.8
2011-07-21,-,-,-,2209.17,-,-,-12.79
2011-07-22,-,-,-,2230.94,-,-,21.77
2011-07-25,-,-,-,2231.58,-,-,0.64
2011-07-26,-,-,-,2211.95,-,-,-19.63
2011-07-27,-,-,-,2209.94,-,-,-2.01
2011-07-28,-,-,-,2186.76,-,-,-23.18
2011-07-29,-,-,-,2182.66,-,-,-4.1
2011-08-01,-,-,-,2179.78,-,-,-2.88
2011-08-02,-,-,-,2145.8,-,-,-33.98
2011-08-03,-,-,-,2143.24,-,-,-2.56
2011-08-04,-,-,-,2132.05,-,-,-11.19
2011-08-05,-,-,-,2064.81,-,-,-67.24
2011-08-08,-,-,-,2027.44,-,-,-37.37
2011-08-09,-,-,-,1994.27,-,-,-33.17
2011-08-10,-,-,-,2037.61,-,-,43.34
2011-08-11,-,-,-,2034.21,-,-,-3.4
2011-08-12,-,-,-,2027.65,-,-,-6.56
2011-08-16,-,-,-,1991.2,-,-,-36.45
2011-08-17,-,-,-,1977.61,-,-,-13.59
2011-08-18,-,-,-,1933.49,-,-,-44.12
2011-08-19,-,-,-,1913.36,-,-,-20.13
2011-08-22,-,-,-,1957.5,-,-,44.14
2011-08-23,-,-,-,1979.91,-,-,22.41
2011-08-24,-,-,-,1977.37,-,-,-2.54
2011-08-25,-,-,-,1959.84,-,-,-17.53
2011-08-26,-,-,-,1912.61,-,-,-47.23
2011-08-29,-,-,-,1964.76,-,-,52.15
2011-08-30,-,-,-,1988.01,-,-,23.25
2011-09-02,-,-,-,2011.87,-,-,23.86
2011-09-05,-,-,-,2021.55,-,-,9.68
2011-09-06,-,-,-,2045.47,-,-,23.92
2011-09-07,-,-,-,2058.69,-,-,13.22
2011-09-08,-,-,-,2058.47,-,-,-0.22
2011-09-09,-,-,-,2041.95,-,-,-16.52
2011-09-12,-,-,-,2006.33,-,-,-35.62
2011-09-13,-,-,-,2002.33,-,-,-4
2011-09-14,-,-,-,2019.4,-,-,17.07
2011-09-15,-,-,-,2037.89,-,-,18.49
2011-09-16,-,-,-,2042.94,-,-,5.05
2011-09-19,-,-,-,2034.36,-,-,-8.58
2011-09-20,-,-,-,2065.92,-,-,31.56
2011-09-21,-,-,-,2076.8,-,-,10.88
2011-09-22,-,-,-,2004.55,-,-,-72.25
2011-09-23,-,-,-,1989.41,-,-,-15.14
2011-09-26,-,-,-,1961.08,-,-,-28.33
2011-09-27,-,-,-,2003.6,-,-,42.52
2011-09-28,-,-,-,1975.49,-,-,-28.11
2011-09-29,-,-,-,1962.71,-,-,-12.78
2011-09-30,-,-,-,1957.79,-,-,-4.92
2011-10-03,-,-,-,1913.8,-,-,-43.99
2011-10-04,-,-,-,1892.71,-,-,-21.09
2011-10-05,-,-,-,1878.58,-,-,-14.13
2011-10-07,-,-,-,1914.23,-,-,35.65
2011-10-10,-,-,-,1943.49,-,-,29.26
2011-10-11,-,-,-,1952.24,-,-,8.75
2011-10-12,-,-,-,1985.91,-,-,33.67
2011-10-13,-,-,-,1979.97,-,-,-5.94
2011-10-14,-,-,-,1994.9,-,-,14.93
2011-10-17,-,-,-,1995.9,-,-,1
2011-10-18,-,-,-,1979.45,-,-,-16.45
2011-10-19,-,-,-,2007.86,-,-,28.41
2011-10-20,-,-,-,1998.47,-,-,-9.39
2011-10-21,-,-,-,1986.44,-,-,-12.03
2011-10-24,-,-,-,1980.8,-,-,-5.64
2011-10-25,-,-,-,1987.41,-,-,6.61
2011-10-26,-,-,-,2006.54,-,-,19.13
2011-10-28,-,-,-,2036.21,-,-,29.67
2011-10-31,-,-,-,2055.08,-,-,18.87
2011-11-01,-,-,-,2031.12,-,-,-23.96
2011-11-02,-,-,-,2023.34,-,-,-7.78
2011-11-03,-,-,-,2008.64,-,-,-14.7
2011-11-04,-,-,-,2022.07,-,-,13.43
2011-11-08,-,-,-,2018.46,-,-,-3.61
2011-11-09,-,-,-,1986.24,-,-,-32.22
2011-11-11,-,-,-,1952.86,-,-,-33.38
2011-11-14,-,-,-,1912.28,-,-,-40.58
2011-11-15,-,-,-,1848.05,-,-,-64.23
2011-11-16,-,-,-,1822.26,-,-,-25.79
2011-11-17,-,-,-,1788.45,-,-,-33.81
2011-11-18,-,-,-,1781.31,-,-,-7.14
2011-11-21,-,-,-,1736.41,-,-,-44.9
2011-11-22,-,-,-,1734.23,-,-,-2.18
2011-11-23,-,-,-,1683.28,-,-,-50.95
2011-11-24,-,-,-,1722.37,-,-,39.09
2011-11-25,-,-,-,1730.43,-,-,8.06
2011-11-28,-,-,-,1759.5,-,-,29.07
2011-11-29,-,-,-,1742.37,-,-,-17.13
2011-11-30,-,-,-,1723.62,-,-,-18.75
2011-12-01,-,-,-,1740.5,-,-,16.88
2011-12-02,-,-,-,1767.2,-,-,26.7
2011-12-05,-,-,-,1769.48,-,-,2.28
2011-12-07,-,-,-,1784.87,-,-,15.39
2011-12-08,-,-,-,1745.75,-,-,-39.12
2011-12-09,-,-,-,1722.48,-,-,-23.27
2011-12-12,-,-,-,1685.98,-,-,-36.5
2011-12-13,-,-,-,1678.11,-,-,-7.87
2011-12-14,-,-,-,1660.62,-,-,-17.49
2011-12-15,-,-,-,1641.85,-,-,-18.77
2011-12-16,-,-,-,1596.35,-,-,-45.5
2011-12-19,-,-,-,1568.89,-,-,-27.46
2011-12-20,-,-,-,1541.06,-,-,-27.83
2011-12-21,-,-,-,1563.41,-,-,22.35
2011-12-22,-,-,-,1574.35,-,-,10.94
2011-12-23,-,-,-,1567.64,-,-,-6.71
2011-12-26,-,-,-,1580,-,-,12.36
2011-12-27,-,-,-,1558.51,-,-,-21.49
2011-12-28,-,-,-,1539.72,-,-,-18.79
2011-12-29,-,-,-,1526.6,-,-,-13.12
2011-12-30,-,-,-,1522.29,-,-,-4.31
2012-01-02,-,-,-,1536.19,-,-,13.9
2012-01-03,-,-,-,1584.98,-,-,48.79
2012-01-04,-,-,-,1580.04,-,-,-4.94
2012-01-05,-,-,-,1579.99,-,-,-0.05
2012-01-06,-,-,-,1584.97,-,-,4.98
2012-01-07,-,-,-,1596.52,-,-,11.55
2012-01-09,-,-,-,1611.07,-,-,14.55
2012-01-10,-,-,-,1652.5,-,-,41.43
2012-01-11,-,-,-,1666.78,-,-,14.28
2012-01-12,-,-,-,1666.73,-,-,-0.05
2012-01-13,-,-,-,1707.38,-,-,40.65
2012-01-16,-,-,-,1702.72,-,-,-4.66
2012-01-17,-,-,-,1720.88,-,-,18.16
2012-01-18,-,-,-,1703.61,-,-,-17.27
2012-01-19,-,-,-,1728.84,-,-,25.23
2012-01-20,-,-,-,1727.15,-,-,-1.69
2012-01-23,-,-,-,1726.46,-,-,-0.69
2012-01-24,-,-,-,1747.25,-,-,20.79
2012-01-25,-,-,-,1776.5,-,-,29.25
2012-01-27,-,-,-,1793.08,-,-,16.58
2012-01-30,-,-,-,1743.92,-,-,-49.16
2012-01-31,-,-,-,1789.57,-,-,45.65
2012-02-01,-,-,-,1822.89,-,-,33.32
2012-02-02,-,-,-,1829.15,-,-,6.26
2012-02-03,-,-,-,1855.32,-,-,26.17
2012-02-06,-,-,-,1883.44,-,-,28.12
2012-02-07,-,-,-,1887.22,-,-,3.78
2012-02-08,-,-,-,1926.77,-,-,39.55
2012-02-09,-,-,-,1958.56,-,-,31.79
2012-02-10,-,-,-,1970.41,-,-,11.85
2012-02-13,-,-,-,1963.41,-,-,-7
2012-02-14,-,-,-,1990.1,-,-,26.69
2012-02-15,-,-,-,2008.19,-,-,18.09
2012-02-16,-,-,-,2026.6,-,-,18.41
2012-02-17,-,-,-,2023.66,-,-,-2.94
2012-02-21,-,-,-,2050.18,-,-,26.52
2012-02-22,-,-,-,1966.65,-,-,-83.53
2012-02-23,-,-,-,1953.25,-,-,-13.4
2012-02-24,-,-,-,1934.33,-,-,-18.92
2012-02-27,-,-,-,1866.61,-,-,-67.72
2012-02-28,-,-,-,1936.72,-,-,70.11
2012-02-29,-,-,-,1946.06,-,-,9.34
2012-03-01,-,-,-,1935.25,-,-,-10.81
2012-03-02,-,-,-,1934.46,-,-,-0.79
2012-03-03,-,-,-,1940.65,-,-,6.19
2012-03-05,-,-,-,1911,-,-,-29.65
2012-03-06,-,-,-,1872.18,-,-,-38.82
2012-03-07,-,-,-,1881.66,-,-,9.48
2012-03-09,-,-,-,1931.52,-,-,49.86
2012-03-12,-,-,-,1947.99,-,-,16.47
2012-03-13,-,-,-,1968.06,-,-,20.07
2012-03-14,-,-,-,1968.75,-,-,0.69
2012-03-15,-,-,-,1934.63,-,-,-34.12
2012-03-16,-,-,-,1914.51,-,-,-20.12
2012-03-19,-,-,-,1884.02,-,-,-30.49
2012-03-20,-,-,-,1902.49,-,-,18.47
2012-03-21,-,-,-,1946.16,-,-,43.67
2012-03-22,-,-,-,1888.24,-,-,-57.92
2012-03-23,-,-,-,1900.76,-,-,12.52
2012-03-26,-,-,-,1869.14,-,-,-31.62
2012-03-27,-,-,-,1872.71,-,-,3.57
2012-03-28,-,-,-,1846.49,-,-,-26.22
2012-03-29,-,-,-,1842.33,-,-,-4.16
2012-03-30,-,-,-,1898.12,-,-,55.79
2012-04-02,-,-,-,1917.8,-,-,19.68
2012-04-03,-,-,-,1941.82,-,-,24.02
2012-04-04,-,-,-,1936.45,-,-,-5.37
2012-04-09,-,-,-,1903.52,-,-,-32.93
2012-04-10,-,-,-,1916.75,-,-,13.23
2012-04-11,-,-,-,1906.22,-,-,-10.53
2012-04-12,-,-,-,1928.46,-,-,22.24
2012-04-13,-,-,-,1903.76,-,-,-24.7
2012-04-16,-,-,-,1927.92,-,-,24.16
2012-04-17,-,-,-,1946.79,-,-,18.87
2012-04-18,-,-,-,1935.99,-,-,-10.8
2012-04-19,-,-,-,1939.18,-,-,3.19
2012-04-20,-,-,-,1916.64,-,-,-22.54
2012-04-23,-,-,-,1876.07,-,-,-40.57
2012-04-24,-,-,-,1872.46,-,-,-3.61
2012-04-25,-,-,-,1856.81,-,-,-15.65
2012-04-26,-,-,-,1851.49,-,-,-5.32
2012-04-27,-,-,-,1853.19,-,-,1.7
2012-04-28,-,-,-,1862.85,-,-,9.66
2012-04-30,-,-,-,1881.88,-,-,19.03
2012-05-02,-,-,-,1882.85,-,-,0.97
2012-05-03,-,-,-,1869.49,-,-,-13.36
2012-05-04,-,-,-,1827.72,-,-,-41.77
2012-05-07,-,-,-,1838.12,-,-,10.4
2012-05-08,-,-,-,1797.18,-,-,-40.94
2012-05-09,-,-,-,1760.07,-,-,-37.11
2012-05-10,-,-,-,1756.16,-,-,-3.91
2012-05-11,-,-,-,1732.76,-,-,-23.4
2012-05-14,-,-,-,1696.07,-,-,-36.69
2012-05-15,-,-,-,1712.86,-,-,16.79
2012-05-16,-,-,-,1691.36,-,-,-21.5
2012-05-17,-,-,-,1699.9,-,-,8.54
2012-05-18,-,-,-,1701.62,-,-,1.72
2012-05-21,-,-,-,1723.63,-,-,22.01
2012-05-22,-,-,-,1707.39,-,-,-16.24
2012-05-23,-,-,-,1699.05,-,-,-8.34
2012-05-24,-,-,-,1719.11,-,-,20.06
2012-05-25,-,-,-,1727.6,-,-,8.49
2012-05-28,-,-,-,1746.4,-,-,18.8
2012-05-29,-,-,-,1752.97,-,-,6.57
2012-05-30,-,-,-,1729.78,-,-,-23.19
2012-05-31,-,-,-,1730.29,-,-,0.51
2012-06-01,-,-,-,1696.2,-,-,-34.09
2012-06-04,-,-,-,1699.67,-,-,3.47
2012-06-05,-,-,-,1704.47,-,-,4.8
2012-06-06,-,-,-,1756.74,-,-,52.27
2012-06-07,-,-,-,1774.65,-,-,17.91
2012-06-08,-,-,-,1778.5,-,-,3.85
2012-06-11,-,-,-,1768.06,-,-,-10.44
2012-06-12,-,-,-,1782.69,-,-,14.63
2012-06-13,-,-,-,1784.57,-,-,1.88
2012-06-14,-,-,-,1763.19,-,-,-21.38
2012-06-15,-,-,-,1776.79,-,-,13.6
2012-06-18,-,-,-,1749.88,-,-,-26.91
2012-06-19,-,-,-,1758.61,-,-,8.73
2012-06-20,-,-,-,1778.6,-,-,19.99
2012-06-21,-,-,-,1796.54,-,-,17.94
2012-06-22,-,-,-,1798.63,-,-,2.09
2012-06-25,-,-,-,1795.92,-,-,-2.71
2012-06-26,-,-,-,1796.12,-,-,0.2
2012-06-27,-,-,-,1807.25,-,-,11.13
2012-06-28,-,-,-,1812.3,-,-,5.05
2012-06-29,-,-,-,1850.57,-,-,38.27
2012-07-02,-,-,-,1866.1,-,-,15.53
2012-07-03,-,-,-,1873.16,-,-,7.06
2012-07-04,-,-,-,1885.52,-,-,12.36
2012-07-05,-,-,-,1917.99,-,-,32.47
2012-07-06,-,-,-,1900.92,-,-,-17.07
2012-07-09,-,-,-,1872.8,-,-,-28.12
2012-07-10,-,-,-,1903.26,-,-,30.46
2012-07-11,-,-,-,1892.6,-,-,-10.66
2012-07-12,-,-,-,1875.54,-,-,-17.06
2012-07-13,-,-,-,1880.38,-,-,4.84
2012-07-16,-,-,-,1863.42,-,-,-16.96
2012-07-17,-,-,-,1837.27,-,-,-26.15
2012-07-18,-,-,-,1852.04,-,-,14.77
2012-07-19,-,-,-,1861.16,-,-,9.12
2012-07-20,-,-,-,1851.99,-,-,-9.17
2012-07-23,-,-,-,1819.85,-,-,-32.14
2012-07-24,-,-,-,1819.88,-,-,0.03
2012-07-25,-,-,-,1810.98,-,-,-8.9
2012-07-26,-,-,-,1749.16,-,-,-61.82
2012-07-27,-,-,-,1718.51,-,-,-30.65
2012-07-30,-,-,-,1759.94,-,-,41.43
2012-07-31,-,-,-,1767.28,-,-,7.34
2012-08-01,-,-,-,1790.1,-,-,22.82
2012-08-02,-,-,-,1795.71,-,-,5.61
2012-08-03,-,-,-,1794.52,-,-,-1.19
2012-08-06,-,-,-,1813.73,-,-,19.21
2012-08-07,-,-,-,1813.31,-,-,-0.42
2012-08-08,-,-,-,1807.31,-,-,-6
2012-08-09,-,-,-,1801.08,-,-,-6.23
2012-08-10,-,-,-,1794.77,-,-,-6.31
2012-08-13,-,-,-,1798.17,-,-,3.4
2012-08-14,-,-,-,1803.03,-,-,4.86
2012-08-16,-,-,-,1810.84,-,-,7.81
2012-08-17,-,-,-,1811.43,-,-,0.59
2012-08-21,-,-,-,1811.03,-,-,-0.4
2012-08-22,-,-,-,1805.56,-,-,-5.47
2012-08-23,-,-,-,1808.07,-,-,2.51
2012-08-24,-,-,-,1800.05,-,-,-8.02
2012-08-27,-,-,-,1769.77,-,-,-30.28
2012-08-28,-,-,-,1741.38,-,-,-28.39
2012-08-29,-,-,-,1730.44,-,-,-10.94
2012-08-30,-,-,-,1735.66,-,-,5.22
2012-08-31,-,-,-,1733.98,-,-,-1.68
2012-09-03,-,-,-,1737.84,-,-,3.86
2012-09-04,-,-,-,1753.56,-,-,15.72
2012-09-05,-,-,-,1753.26,-,-,-0.3
2012-09-06,-,-,-,1765.46,-,-,12.2
2012-09-07,-,-,-,1786.99,-,-,21.53
2012-09-08,-,-,-,1805.65,-,-,18.66
2012-09-10,-,-,-,1809.97,-,-,4.32
2012-09-11,-,-,-,1823.03,-,-,13.06
2012-09-12,-,-,-,1829.27,-,-,6.24
2012-09-13,-,-,-,1825.25,-,-,-4.02
2012-09-14,-,-,-,1839.74,-,-,14.49
2012-09-17,-,-,-,1863.73,-,-,23.99
2012-09-18,-,-,-,1890.51,-,-,26.78
2012-09-20,-,-,-,1877.75,-,-,-12.76
2012-09-21,-,-,-,1899.37,-,-,21.62
2012-09-24,-,-,-,1899.75,-,-,0.38
2012-09-25,-,-,-,1905.56,-,-,5.81
2012-09-26,-,-,-,1902.94,-,-,-2.62
2012-09-27,-,-,-,1905.39,-,-,2.45
2012-09-28,-,-,-,1919.03,-,-,13.64
2012-10-01,-,-,-,1947.73,-,-,28.7
2012-10-03,-,-,-,1963.2,-,-,15.47
2012-10-04,-,-,-,1979.22,-,-,16.02
2012-10-05,-,-,-,1961.18,-,-,-18.04
2012-10-08,-,-,-,1947.39,-,-,-13.79
2012-10-09,-,-,-,1959.54,-,-,12.15
2012-10-10,-,-,-,1923.35,-,-,-36.19
2012-10-11,-,-,-,1950.22,-,-,26.87
2012-10-12,-,-,-,1950.17,-,-,-0.05
2012-10-15,-,-,-,1950.31,-,-,0.14
2012-10-16,-,-,-,1933.09,-,-,-17.22
2012-10-17,-,-,-,1930.25,-,-,-2.84
2012-10-18,-,-,-,1961.09,-,-,30.84
2012-10-19,-,-,-,1942.3,-,-,-18.79
2012-10-22,-,-,-,1935,-,-,-7.3
2012-10-23,-,-,-,1931.93,-,-,-3.07
2012-10-25,-,-,-,1925.92,-,-,-6.01
2012-10-26,-,-,-,1896.49,-,-,-29.43
2012-10-29,-,-,-,1899.93,-,-,3.44
2012-10-30,-,-,-,1884.16,-,-,-15.77
2012-10-31,-,-,-,1892.75,-,-,8.59
2012-11-01,-,-,-,1913.35,-,-,20.6
2012-11-02,-,-,-,1921.03,-,-,7.68
2012-11-05,-,-,-,1914.86,-,-,-6.17
2012-11-06,-,-,-,1928.37,-,-,13.51
2012-11-07,-,-,-,1949.06,-,-,20.69
2012-11-08,-,-,-,1948.2,-,-,-0.86
2012-11-09,-,-,-,1925.15,-,-,-23.05
2012-11-12,-,-,-,1938.05,-,-,12.9
2012-11-13,-,-,-,1950.07,-,-,12.02
2012-11-15,-,-,-,1963,-,-,12.93
2012-11-16,-,-,-,1943.25,-,-,-19.75
2012-11-19,-,-,-,1921.85,-,-,-21.4
2012-11-20,-,-,-,1893.83,-,-,-28.02
2012-11-21,-,-,-,1900.78,-,-,6.95
2012-11-22,-,-,-,1904.26,-,-,3.48
2012-11-23,-,-,-,1916.46,-,-,12.2
2012-11-26,-,-,-,1940.68,-,-,24.22
2012-11-27,-,-,-,1970.58,-,-,29.9
2012-11-29,-,-,-,1992.91,-,-,22.33
2012-11-30,-,-,-,2028.63,-,-,35.72
2012-12-03,-,-,-,2069.12,-,-,40.49
2012-12-04,-,-,-,2058.76,-,-,-10.36
2012-12-05,-,-,-,2074.44,-,-,15.68
2012-12-06,-,-,-,2094.94,-,-,20.5
2012-12-07,-,-,-,2094.19,-,-,-0.75
2012-12-10,-,-,-,2112.5,-,-,18.31
2012-12-11,-,-,-,2077.62,-,-,-34.88
2012-12-12,-,-,-,2079.07,-,-,1.45
2012-12-13,-,-,-,2016.85,-,-,-62.22
2012-12-14,-,-,-,2032.79,-,-,15.94
2012-12-17,-,-,-,2037.37,-,-,4.58
2012-12-18,-,-,-,2061.76,-,-,24.39
2012-12-19,-,-,-,2075.11,-,-,13.35
2012-12-20,-,-,-,2063.19,-,-,-11.92
2012-12-21,-,-,-,2011.36,-,-,-51.83
2012-12-24,-,-,-,2016.49,-,-,5.13
2012-12-26,-,-,-,2032.59,-,-,16.1
2012-12-27,-,-,-,2019.33,-,-,-13.26
2012-12-28,-,-,-,2026.24,-,-,6.91
2012-12-31,-,-,-,2044.25,-,-,18.01
2013-01-01,-,-,-,2079.74,-,-,35.49
2013-01-02,-,-,-,2094.6,-,-,14.86
2013-01-03,-,-,-,2110.88,-,-,16.28
2013-01-04,-,-,-,2131.44,-,-,20.56
2013-01-07,-,-,-,2144.57,-,-,13.13
2013-01-08,-,-,-,2139.58,-,-,-4.99
2013-01-09,-,-,-,2129.18,-,-,-10.4
2013-01-10,-,-,-,2115.9,-,-,-13.28
2013-01-11,-,-,-,2083.87,-,-,-32.03
2013-01-14,-,-,-,2118.12,-,-,34.25
2013-01-15,-,-,-,2121.01,-,-,2.89
2013-01-16,-,-,-,2080.22,-,-,-40.79
2013-01-17,-,-,-,2088.84,-,-,8.62
2013-01-18,-,-,-,2091.27,-,-,2.43
2013-01-21,-,-,-,2092.51,-,-,1.24
2013-01-22,-,-,-,2060.76,-,-,-31.75
2013-01-23,-,-,-,2035.94,-,-,-24.82
2013-01-24,-,-,-,1965.49,-,-,-70.45
2013-01-25,-,-,-,1998.66,-,-,33.17
2013-01-28,-,-,-,2011.12,-,-,12.46
2013-01-29,-,-,-,1991.26,-,-,-19.86
2013-01-30,-,-,-,1993.44,-,-,2.18
2013-01-31,-,-,-,1995.36,-,-,1.92
2013-02-01,-,-,-,1999.04,-,-,3.68
2013-02-04,-,-,-,1961.34,-,-,-37.7
2013-02-05,-,-,-,1949.43,-,-,-11.91
2013-02-06,-,-,-,1955.04,-,-,5.61
2013-02-07,-,-,-,1932.74,-,-,-22.3
2013-02-08,-,-,-,1910.48,-,-,-22.26
2013-02-11,-,-,-,1913.05,-,-,2.57
2013-02-12,-,-,-,1900.29,-,-,-12.76
2013-02-13,-,-,-,1882.82,-,-,-17.47
2013-02-14,-,-,-,1850.98,-,-,-31.84
2013-02-15,-,-,-,1860.73,-,-,9.75
2013-02-18,-,-,-,1877.14,-,-,16.41
2013-02-19,-,-,-,1897.94,-,-,20.8
2013-02-20,-,-,-,1898.03,-,-,0.09
2013-02-21,-,-,-,1860.86,-,-,-37.17
2013-02-22,-,-,-,1864.25,-,-,3.39
2013-02-25,-,-,-,1832.38,-,-,-31.87
2013-02-26,-,-,-,1791.89,-,-,-40.49
2013-02-27,-,-,-,1804.79,-,-,12.9
2013-02-28,-,-,-,1741.84,-,-,-62.95
2013-03-01,-,-,-,1740.76,-,-,-1.08
2013-03-04,-,-,-,1699.08,-,-,-41.68
2013-03-05,-,-,-,1744,-,-,44.92
2013-03-06,-,-,-,1776.09,-,-,32.09
2013-03-07,-,-,-,1781.53,-,-,5.44
2013-03-08,-,-,-,1800.95,-,-,19.42
2013-03-11,-,-,-,1809.82,-,-,8.87
2013-03-12,-,-,-,1801.79,-,-,-8.03
2013-03-13,-,-,-,1770.64,-,-,-31.15
2013-03-14,-,-,-,1776.97,-,-,6.33
2013-03-15,-,-,-,1759.6,-,-,-17.37
2013-03-18,-,-,-,1747.28,-,-,-12.32
2013-03-19,-,-,-,1711.78,-,-,-35.5
2013-03-20,-,-,-,1670.73,-,-,-41.05
2013-03-21,-,-,-,1643.26,-,-,-27.47
2013-03-22,-,-,-,1640.75,-,-,-2.51
2013-03-25,-,-,-,1631.57,-,-,-9.18
2013-03-26,-,-,-,1633.43,-,-,1.86
2013-03-28,-,-,-,1668.9,-,-,35.47
2013-04-01,-,-,-,1701.88,-,-,32.98
2013-04-02,-,-,-,1742.86,-,-,40.98
2013-04-03,-,-,-,1723.05,-,-,-19.81
2013-04-04,-,-,-,1678.41,-,-,-44.64
2013-04-05,-,-,-,1682.33,-,-,3.92
2013-04-08,-,-,-,1680.88,-,-,-1.45
2013-04-09,-,-,-,1655.02,-,-,-25.86
2013-04-10,-,-,-,1672.72,-,-,17.7
2013-04-11,-,-,-,1674.93,-,-,2.21
2013-04-12,-,-,-,1672.63,-,-,-2.3
2013-04-15,-,-,-,1687.25,-,-,14.62
2013-04-16,-,-,-,1710.4,-,-,23.15
2013-04-17,-,-,-,1711.26,-,-,0.86
2013-04-18,-,-,-,1727.02,-,-,15.76
2013-04-22,-,-,-,1745.34,-,-,18.32
2013-04-23,-,-,-,1739.4,-,-,-5.94
2013-04-25,-,-,-,1743.71,-,-,4.31
2013-04-26,-,-,-,1724.09,-,-,-19.62
2013-04-29,-,-,-,1738.73,-,-,14.64
2013-04-30,-,-,-,1751.06,-,-,12.33
2013-05-02,-,-,-,1765.87,-,-,14.81
2013-05-03,-,-,-,1760.24,-,-,-5.63
2013-05-06,-,-,-,1794.17,-,-,33.93
2013-05-07,-,-,-,1808.14,-,-,13.97
2013-05-08,-,-,-,1830.89,-,-,22.75
2013-05-09,-,-,-,1807.8,-,-,-23.09
2013-05-10,-,-,-,1803.89,-,-,-3.91
2013-05-11,-,-,-,1806.75,-,-,2.86
2013-05-13,-,-,-,1771.53,-,-,-35.22
2013-05-14,-,-,-,1770.38,-,-,-1.15
2013-05-15,-,-,-,1811.09,-,-,40.71
2013-05-16,-,-,-,1815,-,-,3.91
2013-05-17,-,-,-,1817.86,-,-,2.86
2013-05-20,-,-,-,1805.74,-,-,-12.12
2013-05-21,-,-,-,1782.28,-,-,-23.46
2013-05-22,-,-,-,1757.07,-,-,-25.21
2013-05-23,-,-,-,1705.66,-,-,-51.41
2013-05-24,-,-,-,1715.83,-,-,10.17
2013-05-27,-,-,-,1735.85,-,-,20.02
2013-05-28,-,-,-,1747.93,-,-,12.08
2013-05-29,-,-,-,1729.52,-,-,-18.41
2013-05-30,-,-,-,1726.66,-,-,-2.86
2013-05-31,-,-,-,1671.57,-,-,-55.09
2013-06-03,-,-,-,1682.14,-,-,10.57
2013-06-04,-,-,-,1689.19,-,-,7.05
2013-06-05,-,-,-,1692.75,-,-,3.56
2013-06-06,-,-,-,1700.05,-,-,7.3
2013-06-07,-,-,-,1685.74,-,-,-14.31
2013-06-10,-,-,-,1655.66,-,-,-30.08
2013-06-11,-,-,-,1616.32,-,-,-39.34
2013-06-12,-,-,-,1599.15,-,-,-17.17
2013-06-13,-,-,-,1557.35,-,-,-41.8
2013-06-14,-,-,-,1582.56,-,-,25.21
2013-06-17,-,-,-,1586.72,-,-,4.16
2013-06-18,-,-,-,1583.34,-,-,-3.38
2013-06-19,-,-,-,1595.6,-,-,12.26
2013-06-20,-,-,-,1547.97,-,-,-47.63
2013-06-21,-,-,-,1505.98,-,-,-41.99
2013-06-24,-,-,-,1467.76,-,-,-38.22
2013-06-25,-,-,-,1456.15,-,-,-11.61
2013-06-26,-,-,-,1431.5,-,-,-24.65
2013-06-27,-,-,-,1444.4,-,-,12.9
2013-06-28,-,-,-,1490.57,-,-,46.17
2013-07-01,-,-,-,1527.03,-,-,36.46
2013-07-02,-,-,-,1517.13,-,-,-9.9
2013-07-03,-,-,-,1468.46,-,-,-48.67
2013-07-04,-,-,-,1478.39,-,-,9.93
2013-07-05,-,-,-,1479.21,-,-,0.82
2013-07-08,-,-,-,1475.1,-,-,-4.11
2013-07-09,-,-,-,1496.47,-,-,21.37
2013-07-10,-,-,-,1496.56,-,-,0.09
2013-07-11,-,-,-,1517.33,-,-,20.77
2013-07-12,-,-,-,1513.19,-,-,-4.14
2013-07-15,-,-,-,1529.05,-,-,15.86
2013-07-16,-,-,-,1495.13,-,-,-33.92
2013-07-17,-,-,-,1487.35,-,-,-7.78
2013-07-18,-,-,-,1508.93,-,-,21.58
2013-07-19,-,-,-,1501.94,-,-,-6.99
2013-07-22,-,-,-,1502.5,-,-,0.56
2013-07-23,-,-,-,1506.99,-,-,4.49
2013-07-24,-,-,-,1470.42,-,-,-36.57
2013-07-25,-,-,-,1457.87,-,-,-12.55
2013-07-26,-,-,-,1452.22,-,-,-5.65
2013-07-29,-,-,-,1427.79,-,-,-24.43
2013-07-30,-,-,-,1391.03,-,-,-36.76
2013-07-31,-,-,-,1376.87,-,-,-14.16
2013-08-01,-,-,-,1340.14,-,-,-36.73
2013-08-02,-,-,-,1326.35,-,-,-13.79
2013-08-05,-,-,-,1335.6,-,-,9.25
2013-08-06,-,-,-,1299.73,-,-,-35.87
2013-08-07,-,-,-,1324.82,-,-,25.09
2013-08-08,-,-,-,1348.26,-,-,23.44
2013-08-12,-,-,-,1369.42,-,-,21.16
2013-08-13,-,-,-,1396.1,-,-,26.68
2013-08-14,-,-,-,1402.03,-,-,5.93
2013-08-16,-,-,-,1348.5,-,-,-53.53
2013-08-19,-,-,-,1327.85,-,-,-20.65
2013-08-20,-,-,-,1329.54,-,-,1.69
2013-08-21,-,-,-,1315.56,-,-,-13.98
2013-08-22,-,-,-,1329.08,-,-,13.52
2013-08-23,-,-,-,1352.41,-,-,23.33
2013-08-26,-,-,-,1356.99,-,-,4.58
2013-08-27,-,-,-,1318.14,-,-,-38.85
2013-08-28,-,-,-,1308.25,-,-,-9.89
2013-08-29,-,-,-,1332.65,-,-,24.4
2013-08-30,-,-,-,1337.34,-,-,4.69
2013-09-02,-,-,-,1362.37,-,-,25.03
2013-09-03,-,-,-,1332.02,-,-,-30.35
2013-09-04,-,-,-,1347.66,-,-,15.64
2013-09-05,-,-,-,1376.82,-,-,29.16
2013-09-06,-,-,-,1377.39,-,-,0.57
2013-09-10,-,-,-,1394.19,-,-,16.8
2013-09-11,-,-,-,1430.19,-,-,36
2013-09-12,-,-,-,1428.74,-,-,-1.45
2013-09-13,-,-,-,1441.01,-,-,12.27
2013-09-16,-,-,-,1423.83,-,-,-17.18
2013-09-17,-,-,-,1421.09,-,-,-2.74
2013-09-18,-,-,-,1428.07,-,-,6.98
2013-09-19,-,-,-,1452.72,-,-,24.65
2013-09-20,-,-,-,1408.67,-,-,-44.05
2013-09-23,-,-,-,1399.98,-,-,-8.69
2013-09-24,-,-,-,1404.49,-,-,4.51
2013-09-25,-,-,-,1410.14,-,-,5.65
2013-09-26,-,-,-,1415.05,-,-,4.91
2013-09-27,-,-,-,1415.49,-,-,0.44
2013-09-30,-,-,-,1402.64,-,-,-12.85
2013-10-01,-,-,-,1418.56,-,-,15.92
2013-10-03,-,-,-,1443.26,-,-,24.7
2013-10-04,-,-,-,1448.35,-,-,5.09
2013-10-07,-,-,-,1464.68,-,-,16.33
2013-10-08,-,-,-,1484.95,-,-,20.27
2013-10-09,-,-,-,1502.8,-,-,17.85
2013-10-10,-,-,-,1520.53,-,-,17.73
2013-10-11,-,-,-,1527.9,-,-,7.37
2013-10-14,-,-,-,1551.35,-,-,23.45
2013-10-15,-,-,-,1522.49,-,-,-28.86
2013-10-17,-,-,-,1539.56,-,-,17.07
2013-10-18,-,-,-,1558.64,-,-,19.08
2013-10-21,-,-,-,1582,-,-,23.36
2013-10-22,-,-,-,1603.42,-,-,21.42
2013-10-23,-,-,-,1593.36,-,-,-10.06
2013-10-24,-,-,-,1592.05,-,-,-1.31
2013-10-25,-,-,-,1579.23,-,-,-12.82
2013-10-28,-,-,-,1562.86,-,-,-16.37
2013-10-29,-,-,-,1584.71,-,-,21.85
2013-10-30,-,-,-,1598.93,-,-,14.22
2013-10-31,-,-,-,1612.02,-,-,13.09
2013-11-01,-,-,-,1638.32,-,-,26.3
2013-11-03,-,-,-,1657.9,-,-,19.58
2013-11-05,-,-,-,1676.3,-,-,18.4
2013-11-06,-,-,-,1677.01,-,-,0.71
2013-11-07,-,-,-,1650.54,-,-,-26.47
2013-11-08,-,-,-,1649.75,-,-,-0.79
2013-11-11,-,-,-,1620.43,-,-,-29.32
2013-11-12,-,-,-,1602.47,-,-,-17.96
2013-11-13,-,-,-,1594.12,-,-,-8.35
2013-11-14,-,-,-,1625.86,-,-,31.74
2013-11-18,-,-,-,1647.96,-,-,22.1
2013-11-19,-,-,-,1656.18,-,-,8.22
2013-11-20,-,-,-,1661.37,-,-,5.19
2013-11-21,-,-,-,1626.29,-,-,-35.08
2013-11-22,-,-,-,1632.45,-,-,6.16
2013-11-25,-,-,-,1662.15,-,-,29.7
2013-11-26,-,-,-,1645.49,-,-,-16.66
2013-11-27,-,-,-,1651.2,-,-,5.71
2013-11-28,-,-,-,1667.18,-,-,15.98
2013-11-29,-,-,-,1687.43,-,-,20.25
2013-12-02,-,-,-,1703.8,-,-,16.37
2013-12-03,-,-,-,1708.47,-,-,4.67
2013-12-04,-,-,-,1694.67,-,-,-13.8
2013-12-05,-,-,-,1695.85,-,-,1.18
2013-12-06,-,-,-,1701.71,-,-,5.86
2013-12-09,-,-,-,1705.03,-,-,3.32
2013-12-10,-,-,-,1691.35,-,-,-13.68
2013-12-11,-,-,-,1690.2,-,-,-1.15
2013-12-12,-,-,-,1685.56,-,-,-4.64
2013-12-13,-,-,-,1664.24,-,-,-21.32
2013-12-16,-,-,-,1670.73,-,-,6.49
2013-12-17,-,-,-,1669.16,-,-,-1.57
2013-12-18,-,-,-,1699.97,-,-,30.81
2013-12-19,-,-,-,1695.54,-,-,-4.43
2013-12-20,-,-,-,1753.39,-,-,57.85
2013-12-23,-,-,-,1775.07,-,-,21.68
2013-12-24,-,-,-,1784.93,-,-,9.86
2013-12-26,-,-,-,1816.44,-,-,31.51
2013-12-27,-,-,-,1815.7,-,-,-0.74
2013-12-30,-,-,-,1815.27,-,-,-0.43
2013-12-31,-,-,-,1826.67,-,-,11.4
2014-01-01,-,-,-,1853.62,-,-,26.95
2014-01-02,-,-,-,1809.02,-,-,-44.6
2014-01-03,-,-,-,1833.43,-,-,24.41
2014-01-06,-,-,-,1862.39,-,-,28.96
2014-01-07,-,-,-,1854.98,-,-,-7.41
2014-01-08,-,-,-,1860.99,-,-,6.01
2014-01-09,-,-,-,1855.81,-,-,-5.18
2014-01-10,-,-,-,1844.48,-,-,-11.33
2014-01-13,-,-,-,1855.59,-,-,11.11
2014-01-14,-,-,-,1850.28,-,-,-5.31
2014-01-15,-,-,-,1851.53,-,-,1.25
2014-01-16,-,-,-,1841.14,-,-,-10.39
2014-01-17,-,-,-,1798.6,-,-,-42.54
2014-01-20,-,-,-,1824.69,-,-,26.09
2014-01-21,-,-,-,1851.52,-,-,26.83
2014-01-22,-,-,-,1857.1,-,-,5.58
2014-01-23,-,-,-,1834.38,-,-,-22.72
2014-01-24,-,-,-,1793.14,-,-,-41.24
2014-01-27,-,-,-,1728.31,-,-,-64.83
2014-01-28,-,-,-,1737.07,-,-,8.76
2014-01-29,-,-,-,1742.75,-,-,5.68
2014-01-30,-,-,-,1714.36,-,-,-28.39
2014-01-31,-,-,-,1759.27,-,-,44.91
2014-02-03,-,-,-,1736.91,-,-,-22.36
2014-02-04,-,-,-,1746.8,-,-,9.89
2014-02-05,-,-,-,1761.07,-,-,14.27
2014-02-06,-,-,-,1754.51,-,-,-6.56
2014-02-07,-,-,-,1765.43,-,-,10.92
2014-02-10,-,-,-,1753.77,-,-,-11.66
2014-02-11,-,-,-,1769.96,-,-,16.19
2014-02-12,-,-,-,1775.48,-,-,5.52
2014-02-13,-,-,-,1754.91,-,-,-20.57
2014-02-14,-,-,-,1756.1,-,-,1.19
2014-02-17,-,-,-,1759.16,-,-,3.06
2014-02-18,-,-,-,1796.21,-,-,37.05
2014-02-19,-,-,-,1815.86,-,-,19.65
2014-02-20,-,-,-,1812.06,-,-,-3.8
2014-02-21,-,-,-,1828.27,-,-,16.21
2014-02-24,-,-,-,1822.52,-,-,-5.75
2014-02-25,-,-,-,1832.23,-,-,9.71
2014-02-26,-,-,-,1843.88,-,-,11.65
2014-02-28,-,-,-,1848.77,-,-,4.89
2014-03-03,-,-,-,1851.33,-,-,2.56
2014-03-04,-,-,-,1876.56,-,-,25.23
2014-03-05,-,-,-,1880.58,-,-,4.02
2014-03-06,-,-,-,1902.76,-,-,22.18
2014-03-07,-,-,-,1897.15,-,-,-5.61
2014-03-10,-,-,-,1902.15,-,-,5
2014-03-11,-,-,-,1900.54,-,-,-1.61
2014-03-12,-,-,-,1896.15,-,-,-4.39
2014-03-13,-,-,-,1869.68,-,-,-26.47
2014-03-14,-,-,-,1863.8,-,-,-5.88
2014-03-18,-,-,-,1904.29,-,-,40.49
2014-03-19,-,-,-,1910.55,-,-,6.26
2014-03-20,-,-,-,1906.51,-,-,-4.04
2014-03-21,-,-,-,1925.03,-,-,18.52
2014-03-22,-,-,-,1936.96,-,-,11.93
2014-03-24,-,-,-,1933.54,-,-,-3.42
2014-03-25,-,-,-,1949.47,-,-,15.93
2014-03-26,-,-,-,1955.74,-,-,6.27
2014-03-27,-,-,-,1968.25,-,-,12.51
2014-03-28,-,-,-,1997.81,-,-,29.56
2014-03-31,-,-,-,2013.37,-,-,15.56
2014-04-01,-,-,-,2016.71,-,-,3.34
2014-04-02,-,-,-,2057.5,-,-,40.79
2014-04-03,-,-,-,2048.38,-,-,-9.12
2014-04-04,-,-,-,2068.35,-,-,19.97
2014-04-07,-,-,-,2078.68,-,-,10.33
2014-04-09,-,-,-,2123.14,-,-,44.46
2014-04-10,-,-,-,2124.89,-,-,1.75
2014-04-11,-,-,-,2127.79,-,-,2.9
2014-04-15,-,-,-,2108.61,-,-,-19.18
2014-04-16,-,-,-,2073.75,-,-,-34.86
2014-04-17,-,-,-,2105.69,-,-,31.94
2014-04-21,-,-,-,2135,-,-,29.31
2014-04-22,-,-,-,2142.39,-,-,7.39
2014-04-23,-,-,-,2146.31,-,-,3.92
2014-04-25,-,-,-,2139.91,-,-,-6.4
2014-04-28,-,-,-,2146.28,-,-,6.37
2014-04-29,-,-,-,2136.97,-,-,-9.31
2014-04-30,-,-,-,2089.82,-,-,-47.15
2014-05-02,-,-,-,2107.6,-,-,17.78
2014-05-05,-,-,-,2089.34,-,-,-18.26
2014-05-06,-,-,-,2103.12,-,-,13.78
2014-05-07,-,-,-,2097.74,-,-,-5.38
2014-05-08,-,-,-,2112.16,-,-,14.42
2014-05-09,-,-,-,2149.54,-,-,37.38
2014-05-12,-,-,-,2165.73,-,-,16.19
2014-05-13,-,-,-,2222.27,-,-,56.54
2014-05-14,-,-,-,2235.86,-,-,13.59
2014-05-15,-,-,-,2211.36,-,-,-24.5
2014-05-16,-,-,-,2248.36,-,-,37
2014-05-19,-,-,-,2377.25,-,-,128.89
2014-05-20,-,-,-,2453.99,-,-,76.74
2014-05-21,-,-,-,2483.76,-,-,29.77
2014-05-22,-,-,-,2579.17,-,-,95.41
2014-05-23,-,-,-,2640.06,-,-,60.89
2014-05-26,-,-,-,2547.09,-,-,-92.97
2014-05-27,-,-,-,2524.11,-,-,-22.98
2014-05-28,-,-,-,2536.74,-,-,12.63
2014-05-29,-,-,-,2530.14,-,-,-6.6
2014-05-30,-,-,-,2541.43,-,-,11.29
2014-06-02,-,-,-,2599.45,-,-,58.02
2014-06-03,-,-,-,2643.02,-,-,43.57
2014-06-04,-,-,-,2710.78,-,-,67.76
2014-06-05,-,-,-,2751.18,-,-,40.4
2014-06-06,-,-,-,2810.84,-,-,59.66
2014-06-09,-,-,-,2897.03,-,-,86.19
2014-06-10,-,-,-,2890.28,-,-,-6.75
2014-06-11,-,-,-,2848.01,-,-,-42.27
2014-06-12,-,-,-,2824.09,-,-,-23.92
2014-06-13,-,-,-,2728.32,-,-,-95.77
2014-06-16,-,-,-,2739.9,-,-,11.58
2014-06-17,-,-,-,2785.93,-,-,46.03
2014-06-18,-,-,-,2752.86,-,-,-33.07
2014-06-19,-,-,-,2752.54,-,-,-0.32
2014-06-20,-,-,-,2727.92,-,-,-24.62
2014-06-23,-,-,-,2753.31,-,-,25.39
2014-06-24,-,-,-,2817.07,-,-,63.76
2014-06-25,-,-,-,2827.06,-,-,9.99
2014-06-26,-,-,-,2820.69,-,-,-6.37
2014-06-27,-,-,-,2824.13,-,-,3.44
2014-06-30,-,-,-,2873.11,-,-,48.98
2014-07-01,-,-,-,2881.31,-,-,8.2
2014-07-02,-,-,-,2910.32,-,-,29.01
2014-07-03,-,-,-,2897.24,-,-,-13.08
2014-07-04,-,-,-,2917.53,-,-,20.29
2014-07-07,-,-,-,2912.12,-,-,-5.41
2014-07-08,-,-,-,2793.37,-,-,-118.75
2014-07-09,-,-,-,2724.01,-,-,-69.36
2014-07-10,-,-,-,2763.23,-,-,39.22
2014-07-11,-,-,-,2667.78,-,-,-95.45
2014-07-14,-,-,-,2667.1,-,-,-0.68
2014-07-15,-,-,-,2741.72,-,-,74.62
2014-07-16,-,-,-,2801.77,-,-,60.05
2014-07-17,-,-,-,2830.36,-,-,28.59
2014-07-18,-,-,-,2826.02,-,-,-4.34
2014-07-21,-,-,-,2842.91,-,-,16.89
2014-07-22,-,-,-,2823.61,-,-,-19.3
2014-07-23,-,-,-,2796.47,-,-,-27.14
2014-07-24,-,-,-,2779.55,-,-,-16.92
2014-07-25,-,-,-,2725.74,-,-,-53.81
2014-07-28,-,-,-,2703.65,-,-,-22.09
2014-07-30,-,-,-,2724.31,-,-,20.66
2014-07-31,-,-,-,2738.48,-,-,14.17
2014-08-01,-,-,-,2717.32,-,-,-21.16
2014-08-04,-,-,-,2762.12,-,-,44.8
2014-08-05,-,-,-,2799.49,-,-,37.37
2014-08-06,-,-,-,2774.5,-,-,-24.99
2014-08-07,-,-,-,2768.21,-,-,-6.29
2014-08-08,-,-,-,2686.37,-,-,-81.84
2014-08-11,-,-,-,2701.14,-,-,14.77
2014-08-12,-,-,-,2725.87,-,-,24.73
2014-08-13,-,-,-,2632.85,-,-,-93.02
2014-08-14,-,-,-,2662.08,-,-,29.23
2014-08-18,-,-,-,2734.59,-,-,72.51
2014-08-19,-,-,-,2778.23,-,-,43.64
2014-08-20,-,-,-,2784.27,-,-,6.04
2014-08-21,-,-,-,2775.7,-,-,-8.57
2014-08-22,-,-,-,2769.85,-,-,-5.85
2014-08-25,-,-,-,2733.55,-,-,-36.3
2014-08-26,-,-,-,2727.32,-,-,-6.23
2014-08-27,-,-,-,2748.09,-,-,20.77
2014-08-28,-,-,-,2745.94,-,-,-2.15
2014-09-01,-,-,-,2796.24,-,-,50.3
2014-09-02,-,-,-,2836.17,-,-,39.93
2014-09-03,-,-,-,2854.83,-,-,18.66
2014-09-04,-,-,-,2843.9,-,-,-10.93
2014-09-05,-,-,-,2852.43,-,-,8.53
2014-09-08,-,-,-,2885.33,-,-,32.9
2014-09-09,-,-,-,2900.76,-,-,15.43
2014-09-10,-,-,-,2917.42,-,-,16.66
2014-09-11,-,-,-,2953.44,-,-,36.02
2014-09-12,-,-,-,2960.45,-,-,7.01
2014-09-15,-,-,-,2957.05,-,-,-3.4
2014-09-16,-,-,-,2850.5,-,-,-106.55
2014-09-17,-,-,-,2853.38,-,-,2.88
2014-09-18,-,-,-,2929.76,-,-,76.38
2014-09-19,-,-,-,2952.82,-,-,23.06
2014-09-22,-,-,-,2969.9,-,-,17.08
2014-09-23,-,-,-,2888.94,-,-,-80.96
2014-09-24,-,-,-,2815.9,-,-,-73.04
2014-09-25,-,-,-,2719.84,-,-,-96.06
2014-09-26,-,-,-,2732.56,-,-,12.72
2014-09-29,-,-,-,2774.48,-,-,41.92
2014-09-30,-,-,-,2785.9,-,-,11.42
2014-10-01,-,-,-,2768.45,-,-,-17.45
2014-10-07,-,-,-,2742.76,-,-,-25.69
2014-10-08,-,-,-,2715.77,-,-,-26.99
2014-10-09,-,-,-,2773.18,-,-,57.41
2014-10-10,-,-,-,2738.17,-,-,-35.01
2014-10-13,-,-,-,2753.86,-,-,15.69
2014-10-14,-,-,-,2761.05,-,-,7.19
2014-10-16,-,-,-,2664.91,-,-,-96.14
2014-10-17,-,-,-,2659.34,-,-,-5.57
2014-10-20,-,-,-,2699.22,-,-,39.88
2014-10-21,-,-,-,2734.36,-,-,35.14
2014-10-22,-,-,-,2790.38,-,-,56.02
2014-10-23,-,-,-,2808.42,-,-,18.04
2014-10-27,-,-,-,2782.5,-,-,-25.92
2014-10-28,-,-,-,2795.97,-,-,13.47
2014-10-29,-,-,-,2822.45,-,-,26.48
2014-10-30,-,-,-,2852.83,-,-,30.38
2014-10-31,-,-,-,2892.16,-,-,39.33
2014-11-03,-,-,-,2953.46,-,-,61.3
2014-11-05,-,-,-,2957.77,-,-,4.31
2014-11-07,-,-,-,2953.64,-,-,-4.13
2014-11-10,-,-,-,2954.9,-,-,1.26
2014-11-11,-,-,-,2977.85,-,-,22.95
2014-11-12,-,-,-,2976.71,-,-,-1.14
2014-11-13,-,-,-,2954.09,-,-,-22.62
2014-11-14,-,-,-,2968.76,-,-,14.67
2014-11-17,-,-,-,3002.44,-,-,33.68
2014-11-18,-,-,-,3016.72,-,-,14.28
2014-11-19,-,-,-,3004.83,-,-,-11.89
2014-11-20,-,-,-,2989.6,-,-,-15.23
2014-11-21,-,-,-,2967.15,-,-,-22.45
2014-11-24,-,-,-,2954.86,-,-,-12.29
2014-11-25,-,-,-,2897.41,-,-,-57.45
2014-11-26,-,-,-,2934.8,-,-,37.39
2014-11-27,-,-,-,2945.44,-,-,10.64
2014-11-28,-,-,-,2953.17,-,-,7.73
2014-12-01,-,-,-,2919.48,-,-,-33.69
2014-12-02,-,-,-,2960.56,-,-,41.08
2014-12-03,-,-,-,3004.27,-,-,43.71
2014-12-04,-,-,-,3020.75,-,-,16.48
2014-12-05,-,-,-,3002.6,-,-,-18.15
2014-12-08,-,-,-,2986.88,-,-,-15.72
2014-12-09,-,-,-,2926.24,-,-,-60.64
2014-12-10,-,-,-,2967.4,-,-,41.16
2014-12-11,-,-,-,2957.12,-,-,-10.28
2014-12-12,-,-,-,2903.37,-,-,-53.75
2014-12-15,-,-,-,2895.81,-,-,-7.56
2014-12-16,-,-,-,2779.77,-,-,-116.04
2014-12-17,-,-,-,2739.88,-,-,-39.89
2014-12-18,-,-,-,2840.08,-,-,100.2
2014-12-19,-,-,-,2837.79,-,-,-2.29
2014-12-22,-,-,-,2888.25,-,-,50.46
2014-12-23,-,-,-,2874.25,-,-,-14
2014-12-24,-,-,-,2879.48,-,-,5.23
2014-12-26,-,-,-,2887.97,-,-,8.49
2014-12-29,-,-,-,2902.1,-,-,14.13
2014-12-30,-,-,-,2925.94,-,-,23.84
2014-12-31,-,-,-,2976.61,-,-,50.67
2015-01-01,-,-,-,3026.04,-,-,49.43
2015-01-02,-,-,-,3052.72,-,-,26.68
2015-01-05,-,-,-,3059.05,-,-,6.33
2015-01-06,-,-,-,2947.5,-,-,-111.55
2015-01-07,-,-,-,2960.98,-,-,13.48
2015-01-08,-,-,-,3016.48,-,-,55.5
2015-01-09,-,-,-,3010.26,-,-,-6.22
2015-01-12,-,-,-,3038.71,-,-,28.45
2015-01-13,-,-,-,3049.53,-,-,10.82
2015-01-14,-,-,-,3029.88,-,-,-19.65
2015-01-15,-,-,-,3098.24,-,-,68.36
2015-01-16,-,-,-,3114.03,-,-,15.79
2015-01-19,-,-,-,3135.59,-,-,21.56
2015-01-20,-,-,-,3139.01,-,-,3.42
2015-01-21,-,-,-,3121.5,-,-,-17.51
2015-01-22,-,-,-,3132.33,-,-,10.83
2015-01-23,-,-,-,3113.35,-,-,-18.98
2015-01-27,-,-,-,3143.84,-,-,30.49
2015-01-28,-,-,-,3144.84,-,-,1
2015-01-29,-,-,-,3152.54,-,-,7.7
2015-01-30,-,-,-,3150.41,-,-,-2.13
2015-02-02,-,-,-,3197.36,-,-,46.95
2015-02-03,-,-,-,3190.5,-,-,-6.86
2015-02-04,-,-,-,3171.1,-,-,-19.4
2015-02-05,-,-,-,3138.08,-,-,-33.02
2015-02-06,-,-,-,3099.25,-,-,-38.83
2015-02-09,-,-,-,3058.15,-,-,-41.1
2015-02-10,-,-,-,3056.17,-,-,-1.98
2015-02-11,-,-,-,3092.47,-,-,36.3
2015-02-12,-,-,-,3128.3,-,-,35.83
2015-02-13,-,-,-,3133.53,-,-,5.23
2015-02-16,-,-,-,3133.29,-,-,-0.24
2015-02-18,-,-,-,3164.7,-,-,31.41
2015-02-19,-,-,-,3168.24,-,-,3.54
2015-02-20,-,-,-,3164.14,-,-,-4.1
2015-02-23,-,-,-,3122.45,-,-,-41.69
2015-02-24,-,-,-,3117.57,-,-,-4.88
2015-02-25,-,-,-,3108.25,-,-,-9.32
2015-02-26,-,-,-,3093.18,-,-,-15.07
2015-02-27,-,-,-,3150.1,-,-,56.92
2015-02-28,-,-,-,3123.85,-,-,-26.25
2015-03-02,-,-,-,3196.18,-,-,72.33
2015-03-03,-,-,-,3243.62,-,-,47.44
2015-03-04,-,-,-,3197.49,-,-,-46.13
2015-03-05,-,-,-,3204.66,-,-,7.17
2015-03-09,-,-,-,3155.17,-,-,-49.49
2015-03-10,-,-,-,3166.34,-,-,11.17
2015-03-11,-,-,-,3164.47,-,-,-1.87
2015-03-12,-,-,-,3205.61,-,-,41.14
2015-03-13,-,-,-,3156.05,-,-,-49.56
2015-03-16,-,-,-,3153.9,-,-,-2.15
2015-03-17,-,-,-,3170.05,-,-,16.15
2015-03-18,-,-,-,3186.91,-,-,16.86
2015-03-19,-,-,-,3147.97,-,-,-38.94
2015-03-20,-,-,-,3068.3,-,-,-79.67
2015-03-23,-,-,-,3032.66,-,-,-35.64
2015-03-24,-,-,-,3026.28,-,-,-6.38
2015-03-25,-,-,-,3000.83,-,-,-25.45
2015-03-26,-,-,-,2966.12,-,-,-34.71
2015-03-27,-,-,-,2977.02,-,-,10.9
2015-03-30,-,-,-,3066.71,-,-,89.69
2015-03-31,-,-,-,3102.36,-,-,35.65
2015-04-01,-,-,-,3172.1,-,-,69.74
2015-04-06,-,-,-,3250.35,-,-,78.25
2015-04-07,-,-,-,3312.28,-,-,61.93
2015-04-08,-,-,-,3344.45,-,-,32.17
2015-04-09,-,-,-,3344.94,-,-,0.49
2015-04-10,-,-,-,3344.86,-,-,-0.08
2015-04-13,-,-,-,3362.56,-,-,17.7
2015-04-15,-,-,-,3339.79,-,-,-22.77
2015-04-16,-,-,-,3293.2,-,-,-46.59
2015-04-17,-,-,-,3264.79,-,-,-28.41
2015-04-20,-,-,-,3181.74,-,-,-83.05
2015-04-21,-,-,-,3167.95,-,-,-13.79
2015-04-22,-,-,-,3159.1,-,-,-8.85
2015-04-23,-,-,-,3152.5,-,-,-6.6
2015-04-24,-,-,-,3066.63,-,-,-85.87
2015-04-27,-,-,-,2955.57,-,-,-111.06
2015-04-28,-,-,-,3025.25,-,-,69.68
2015-04-29,-,-,-,3038.9,-,-,13.65
2015-04-30,-,-,-,3027.95,-,-,-10.95
2015-05-04,-,-,-,3101.81,-,-,73.86
2015-05-05,-,-,-,3122.66,-,-,20.85
2015-05-06,-,-,-,2986.81,-,-,-135.85
2015-05-07,-,-,-,2928.36,-,-,-58.45
2015-05-08,-,-,-,2996.38,-,-,68.02
2015-05-11,-,-,-,3034.18,-,-,37.8
2015-05-12,-,-,-,2939.59,-,-,-94.59
2015-05-13,-,-,-,2979.57,-,-,39.98
2015-05-14,-,-,-,3018.09,-,-,38.52
2015-05-15,-,-,-,3012.74,-,-,-5.35
2015-05-18,-,-,-,3049.08,-,-,36.34
2015-05-19,-,-,-,3066.28,-,-,17.2
2015-05-20,-,-,-,3059.19,-,-,-7.09
2015-05-21,-,-,-,3054.13,-,-,-5.06
2015-05-22,-,-,-,3044.15,-,-,-9.98
2015-05-25,-,-,-,3043.48,-,-,-0.67
2015-05-26,-,-,-,3026.28,-,-,-17.2
2015-05-27,-,-,-,3023.73,-,-,-2.55
2015-05-28,-,-,-,3026.91,-,-,3.18
2015-05-29,-,-,-,3072.93,-,-,46.02
2015-06-01,-,-,-,3073.18,-,-,0.25
2015-06-02,-,-,-,2998.01,-,-,-75.17
2015-06-03,-,-,-,2896.18,-,-,-101.83
2015-06-04,-,-,-,2888.11,-,-,-8.07
2015-06-05,-,-,-,2889.51,-,-,1.4
2015-06-08,-,-,-,2837.5,-,-,-52.01
2015-06-09,-,-,-,2809.93,-,-,-27.57
2015-06-10,-,-,-,2843.9,-,-,33.97
2015-06-11,-,-,-,2799.53,-,-,-44.37
2015-06-12,-,-,-,2797.74,-,-,-1.79
2015-06-15,-,-,-,2829.72,-,-,31.98
2015-06-16,-,-,-,2851.89,-,-,22.17
2015-06-17,-,-,-,2886.04,-,-,34.15
2015-06-18,-,-,-,2921.21,-,-,35.17
2015-06-19,-,-,-,2914.1,-,-,-7.11
2015-06-22,-,-,-,2979.01,-,-,64.91
2015-06-23,-,-,-,2981.2,-,-,2.19
2015-06-24,-,-,-,2961.9,-,-,-19.3
2015-06-25,-,-,-,2972.78,-,-,10.88
2015-06-26,-,-,-,2994.51,-,-,21.73
2015-06-29,-,-,-,2930.01,-,-,-64.5
2015-06-30,-,-,-,2966.1,-,-,36.09
2015-07-01,-,-,-,3017.32,-,-,51.22
2015-07-02,-,-,-,3052.15,-,-,34.83
2015-07-03,-,-,-,3051.78,-,-,-0.37
2015-07-06,-,-,-,3093.39,-,-,41.61
2015-07-07,-,-,-,3128.87,-,-,35.48
2015-07-08,-,-,-,3070.09,-,-,-58.78
2015-07-09,-,-,-,3074.88,-,-,4.79
2015-07-10,-,-,-,3098.6,-,-,23.72
2015-07-13,-,-,-,3143.63,-,-,45.03
2015-07-14,-,-,-,3161.94,-,-,18.31
2015-07-15,-,-,-,3170.52,-,-,8.58
2015-07-16,-,-,-,3175.22,-,-,4.7
2015-07-17,-,-,-,3205,-,-,29.78
2015-07-20,-,-,-,3213.31,-,-,8.31
2015-07-21,-,-,-,3150.69,-,-,-62.62
2015-07-22,-,-,-,3187.83,-,-,37.14
2015-07-23,-,-,-,3226.44,-,-,38.61
2015-07-24,-,-,-,3197.82,-,-,-28.62
2015-07-27,-,-,-,3137.09,-,-,-60.73
2015-07-28,-,-,-,3125.45,-,-,-11.64
2015-07-29,-,-,-,3159.95,-,-,34.5
2015-07-30,-,-,-,3200.47,-,-,40.52
2015-07-31,-,-,-,3239.06,-,-,38.59
2015-08-03,-,-,-,3268.75,-,-,29.69
2015-08-04,-,-,-,3295.82,-,-,27.07
2015-08-05,-,-,-,3306.31,-,-,10.49
2015-08-06,-,-,-,3292.38,-,-,-13.93
2015-08-07,-,-,-,3283.15,-,-,-9.23
2015-08-10,-,-,-,3251.14,-,-,-32.01
2015-08-11,-,-,-,3190.42,-,-,-60.72
2015-08-12,-,-,-,3099.62,-,-,-90.8
2015-08-13,-,-,-,3053.63,-,-,-45.99
2015-08-14,-,-,-,3119.77,-,-,66.14
2015-08-17,-,-,-,3126.13,-,-,6.36
2015-08-18,-,-,-,3180.29,-,-,54.16
2015-08-19,-,-,-,3170.67,-,-,-9.62
2015-08-20,-,-,-,3092.91,-,-,-77.76
2015-08-21,-,-,-,3063.23,-,-,-29.68
2015-08-24,-,-,-,2723.31,-,-,-339.92
2015-08-25,-,-,-,2783.32,-,-,60.01
2015-08-26,-,-,-,2813.48,-,-,30.16
2015-08-27,-,-,-,2893.42,-,-,79.94
2015-08-28,-,-,-,2894.61,-,-,1.19
2015-08-31,-,-,-,2886.18,-,-,-8.43
2015-09-01,-,-,-,2805.78,-,-,-80.4
2015-09-02,-,-,-,2799.38,-,-,-6.4
2015-09-03,-,-,-,2851.55,-,-,52.17
2015-09-04,-,-,-,2755.08,-,-,-96.47
2015-09-07,-,-,-,2705.71,-,-,-49.37
2015-09-08,-,-,-,2748.86,-,-,43.15
2015-09-09,-,-,-,2804.11,-,-,55.25
2015-09-10,-,-,-,2797.21,-,-,-6.9
2015-09-11,-,-,-,2815.26,-,-,18.05
2015-09-14,-,-,-,2844.84,-,-,29.58
2015-09-15,-,-,-,2823.29,-,-,-21.55
2015-09-16,-,-,-,2800.15,-,-,-23.14
2015-09-18,-,-,-,2821.25,-,-,21.1
2015-09-21,-,-,-,2863.13,-,-,41.88
2015-09-22,-,-,-,2820.9,-,-,-42.23
2015-09-23,-,-,-,2838.22,-,-,17.32
2015-09-24,-,-,-,2851.42,-,-,13.2
2015-09-28,-,-,-,2858.55,-,-,7.13
2015-09-29,-,-,-,2875.92,-,-,17.37
2015-09-30,-,-,-,2911.47,-,-,35.55
2015-10-01,-,-,-,2909.72,-,-,-1.75
2015-10-05,-,-,-,2969.4,-,-,59.68
2015-10-06,-,-,-,2989.72,-,-,20.32
2015-10-07,-,-,-,2989.57,-,-,-0.15
2015-10-08,-,-,-,2969.12,-,-,-20.45
2015-10-09,-,-,-,2961.83,-,-,-7.29
2015-10-12,-,-,-,2974.18,-,-,12.35
2015-10-13,-,-,-,3008.49,-,-,34.31
2015-10-14,-,-,-,2994.1,-,-,-14.39
2015-10-15,-,-,-,2987.65,-,-,-6.45
2015-10-16,-,-,-,2994.89,-,-,7.24
2015-10-19,-,-,-,3013.9,-,-,19.01
2015-10-20,-,-,-,3011.82,-,-,-2.08
2015-10-21,-,-,-,2996.46,-,-,-15.36
2015-10-23,-,-,-,2984.31,-,-,-12.15
2015-10-26,-,-,-,2956.98,-,-,-27.33
2015-10-27,-,-,-,2970.69,-,-,13.71
2015-10-28,-,-,-,2968.6,-,-,-2.09
2015-10-29,-,-,-,2949.57,-,-,-19.03
2015-10-30,-,-,-,2915.03,-,-,-34.54
2015-11-02,-,-,-,2915.57,-,-,0.54
2015-11-03,-,-,-,2929.1,-,-,13.53
2015-11-04,-,-,-,2923.07,-,-,-6.03
2015-11-05,-,-,-,2857.28,-,-,-65.79
2015-11-06,-,-,-,2842.17,-,-,-15.11
2015-11-09,-,-,-,2875.1,-,-,32.93
2015-11-10,-,-,-,2829.19,-,-,-45.91
2015-11-11,-,-,-,2874.97,-,-,45.78
2015-11-13,-,-,-,2845.37,-,-,-29.6
2015-11-16,-,-,-,2867.99,-,-,22.62
2015-11-17,-,-,-,2886.36,-,-,18.37
2015-11-18,-,-,-,2856.88,-,-,-29.48
2015-11-19,-,-,-,2903.29,-,-,46.41
2015-11-20,-,-,-,2918.77,-,-,15.48
2015-11-23,-,-,-,2929.29,-,-,10.52
2015-11-24,-,-,-,2955.49,-,-,26.2
2015-11-26,-,-,-,2969.55,-,-,14.06
2015-11-27,-,-,-,2973.72,-,-,4.17
2015-11-30,-,-,-,2994.02,-,-,20.3
2015-12-01,-,-,-,3019.07,-,-,25.05
2015-12-02,-,-,-,3015.57,-,-,-3.5
2015-12-03,-,-,-,3007.41,-,-,-8.16
2015-12-04,-,-,-,2953.89,-,-,-53.52
2015-12-07,-,-,-,2966.73,-,-,12.84
2015-12-08,-,-,-,2914.18,-,-,-52.55
2015-12-09,-,-,-,2839.13,-,-,-75.05
2015-12-10,-,-,-,2871.32,-,-,32.19
2015-12-11,-,-,-,2858.56,-,-,-12.76
2015-12-14,-,-,-,2877.35,-,-,18.79
2015-12-15,-,-,-,2903.87,-,-,26.52
2015-12-16,-,-,-,2918.69,-,-,14.82
2015-12-17,-,-,-,2986.28,-,-,67.59
2015-12-18,-,-,-,2982.06,-,-,-4.22
2015-12-21,-,-,-,3009.12,-,-,27.06
2015-12-22,-,-,-,3004.74,-,-,-4.38
2015-12-23,-,-,-,3027.32,-,-,22.58
2015-12-24,-,-,-,3057.75,-,-,30.43
2015-12-28,-,-,-,3066.62,-,-,8.87
2015-12-29,-,-,-,3061.65,-,-,-4.97
2015-12-30,-,-,-,3060.65,-,-,-1
2015-12-31,-,-,-,3090.08,-,-,29.43
2016-01-01,-,-,-,3128.79,-,-,38.71
2016-01-04,-,-,-,3090.03,-,-,-38.76
2016-01-05,-,-,-,3110.38,-,-,20.35
2016-01-06,-,-,-,3092.91,-,-,-17.47
2016-01-07,-,-,-,2976.82,-,-,-116.09
2016-01-08,-,-,-,3013.13,-,-,36.31
2016-01-11,-,-,-,2986.08,-,-,-27.05
2016-01-12,-,-,-,2960.34,-,-,-25.74
2016-01-13,-,-,-,2883.66,-,-,-76.68
2016-01-14,-,-,-,2822.43,-,-,-61.23
2016-01-15,-,-,-,2697.86,-,-,-124.57
2016-01-18,-,-,-,2556.06,-,-,-141.8
2016-01-19,-,-,-,2610.58,-,-,54.52
2016-01-20,-,-,-,2552.94,-,-,-57.64
2016-01-21,-,-,-,2563.77,-,-,10.83
2016-01-22,-,-,-,2628.23,-,-,64.46
2016-01-25,-,-,-,2653.09,-,-,24.86
2016-01-27,-,-,-,2659.43,-,-,6.34
2016-01-28,-,-,-,2660.82,-,-,1.39
2016-01-29,-,-,-,2701.09,-,-,40.27
2016-02-01,-,-,-,2727.54,-,-,26.45
2016-02-02,-,-,-,2673.53,-,-,-54.01
2016-02-03,-,-,-,2592.28,-,-,-81.25
2016-02-04,-,-,-,2556.29,-,-,-35.99
2016-02-05,-,-,-,2608.1,-,-,51.81
2016-02-08,-,-,-,2621.96,-,-,13.86
2016-02-09,-,-,-,2579.81,-,-,-42.15
2016-02-10,-,-,-,2518.94,-,-,-60.87
2016-02-11,-,-,-,2367.48,-,-,-151.46
2016-02-12,-,-,-,2326.45,-,-,-41.03
2016-02-15,-,-,-,2431.11,-,-,104.66
2016-02-16,-,-,-,2368.07,-,-,-63.04
2016-02-17,-,-,-,2372.23,-,-,4.16
2016-02-18,-,-,-,2388.93,-,-,16.7
2016-02-19,-,-,-,2411.79,-,-,22.86
2016-02-22,-,-,-,2429.34,-,-,17.55
2016-02-23,-,-,-,2392.75,-,-,-36.59
2016-02-24,-,-,-,2361.13,-,-,-31.62
2016-02-25,-,-,-,2325.38,-,-,-35.75
2016-02-26,-,-,-,2314.26,-,-,-11.12
2016-02-29,-,-,-,2314.42,-,-,0.16
2016-03-01,-,-,-,2410.96,-,-,96.54
2016-03-02,-,-,-,2481.15,-,-,70.19
2016-03-03,-,-,-,2524.05,-,-,42.9
2016-03-04,-,-,-,2535.44,-,-,11.39
2016-03-08,-,-,-,2555.77,-,-,20.33
2016-03-09,-,-,-,2573.51,-,-,17.74
2016-03-10,-,-,-,2566.42,-,-,-7.09
2016-03-11,-,-,-,2562.79,-,-,-3.63
2016-03-14,-,-,-,2575.66,-,-,12.87
2016-03-15,-,-,-,2565.36,-,-,-10.3
2016-03-16,-,-,-,2558.97,-,-,-6.39
2016-03-17,-,-,-,2578.88,-,-,19.91
2016-03-18,-,-,-,2593.88,-,-,15
2016-03-21,-,-,-,2639.82,-,-,45.94
2016-03-22,-,-,-,2646.17,-,-,6.35
2016-03-23,-,-,-,2649.05,-,-,2.88
2016-03-28,-,-,-,2589.74,-,-,-59.31
2016-03-29,-,-,-,2579.24,-,-,-10.5
2016-03-30,-,-,-,2635.29,-,-,56.05
2016-03-31,-,-,-,2654.6,-,-,19.31
2016-04-01,-,-,-,2696.59,172078832,745,41.99
2016-04-04,-,-,-,2710.97,94506613,634.62,14.38
2016-04-05,-,-,-,2648.63,99345012,656.2,-62.34
2016-04-06,-,-,-,2678.33,96174050,594.21,29.7
2016-04-07,-,-,-,2666.99,100278190,602.95,-11.34
2016-04-08,-,-,-,2692.72,89109126,584.89,25.73
2016-04-11,-,-,-,2722.01,78509045,570.1,29.29
2016-04-12,-,-,-,2754.85,81183380,681.38,32.84
2016-04-13,-,-,-,2784.64,102088051,792.04,29.79
2016-04-18,-,-,-,2824.25,89666057,747.48,39.61
2016-04-20,-,-,-,2855.73,116512259,870.89,31.48
2016-04-21,-,-,-,2843.87,113889229,846.14,-11.86
2016-04-22,-,-,-,2840.97,86684742,651.09,-2.9
2016-04-25,-,-,-,2821.92,89790268,687.58,-19.05
2016-04-26,-,-,-,2836.65,92273874,826.52,14.73
2016-04-27,-,-,-,2852.49,89812004,846.77,15.84
2016-04-28,-,-,-,2830.22,178311884,1355.83,-22.27
2016-04-29,-,-,-,2819.49,117963136,956.91,-10.73
2016-05-02,-,-,-,2828.38,102345838,861.73,8.89
2016-05-03,-,-,-,2820.28,115143490,894.54,-8.1
2016-05-04,-,-,-,2770.4,91114627,671.88,-49.88
2016-05-05,-,-,-,2774.31,94376924,710.76,3.91
2016-05-06,-,-,-,2792.55,94321617,823.25,18.24
2016-05-09,-,-,-,2838.12,96608232,769.9,45.57
2016-05-10,-,-,-,2838.87,109434447,904.81,0.75
2016-05-11,-,-,-,2829.56,119982753,830.36,-9.31
2016-05-12,-,-,-,2858.39,104637850,860.7,28.83
2016-05-13,-,-,-,2851.3,125019573,858.38,-7.09
2016-05-16,-,-,-,2849.73,95451114,756.74,-1.57
2016-05-17,-,-,-,2864.92,106126565,985.27,15.19
2016-05-18,-,-,-,2866.7,96616510,852.77,1.78
2016-05-19,-,-,-,2842.27,138900345,1394.53,-24.43
2016-05-20,-,-,-,2811.7,103917579,940.23,-30.57
2016-05-23,-,-,-,2786.37,99556436,781,-25.33
2016-05-24,-,-,-,2776.06,113298037,858.27,-10.31
2016-05-25,-,-,-,2795.27,117748821,1229.75,19.21
2016-05-26,-,-,-,2821.25,162217227,1173.05,25.98
2016-05-27,-,-,-,2863.43,125446000,1165.2,42.18
2016-05-30,-,-,-,2874.55,95079581,844.06,11.12
2016-05-31,-,-,-,2872.34,119656087,948.91,-2.21
2016-06-01,-,-,-,2872.55,94785937,753.04,0.21
2016-06-02,-,-,-,2872.03,78482522,623.58,-0.52
2016-06-03,-,-,-,2859.24,119180683,789.97,-12.79
2016-06-06,-,-,-,2867.82,86967367,677.71,8.58
2016-06-07,-,-,-,2906.35,103143524,891.97,38.53
2016-06-08,-,-,-,2948.9,112339577,911.65,42.55
2016-06-09,-,-,-,2953.93,131155345,865.35,5.03
2016-06-10,-,-,-,2948.8,169586331,876.79,-5.13
2016-06-13,-,-,-,2938.49,139224591,752.7,-10.31
2016-06-14,-,-,-,2964.05,193384962,836.74,25.56
2016-06-15,-,-,-,2987.32,162968673,862.42,23.27
2016-06-16,-,-,-,2987.44,-,-,0.12
2016-06-17,-,-,-,3011.22,-,-,23.78
2016-06-20,-,-,-,3019.74,-,-,8.52
2016-06-21,-,-,-,3028.07,-,-,8.33
2016-06-22,-,-,-,3003.72,-,-,-24.35
2016-06-23,-,-,-,2996.95,-,-,-6.77
2016-06-24,-,-,-,2920.93,-,-,-76.02
2016-06-27,-,-,-,2974.09,-,-,53.16
2016-06-28,-,-,-,2989.22,-,-,15.13
2016-06-29,-,-,-,3036.45,-,-,47.23
2016-06-30,-,-,-,3095.04,-,-,58.59
2016-07-01,-,-,-,3116.85,-,-,21.81
2016-07-04,-,-,-,3166.83,-,-,49.98
2016-07-05,-,-,-,3175.13,-,-,8.3
2016-07-07,-,-,-,3171.28,-,-,-3.85
2016-07-08,-,-,-,3155.83,-,-,-15.45
2016-07-11,-,-,-,3192.01,-,-,36.18
2016-07-12,-,-,-,3216.89,-,-,24.88
2016-07-13,-,-,-,3172.22,-,-,-44.67
2016-07-14,-,-,-,3202.76,-,-,30.54
2016-07-15,-,-,-,3168.04,-,-,-34.72
2016-07-18,-,-,-,3154.47,-,-,-13.57
2016-07-19,-,-,-,3156.6,-,-,2.13
2016-07-20,-,-,-,3184.93,-,-,28.33
2016-07-21,-,-,-,3191.07,-,-,6.14
2016-07-22,-,-,-,3200.27,-,-,9.2
2016-07-25,-,-,-,3237.97,-,-,37.7
2016-07-26,-,-,-,3203.84,-,-,-34.13
2016-07-27,-,-,-,3218.37,-,-,14.53
2016-07-28,-,-,-,3254.2,-,-,35.83
2016-07-29,-,-,-,3242.07,-,-,-12.13
2016-08-01,-,-,-,3234.53,-,-,-7.54
2016-08-02,-,-,-,3207.19,-,-,-27.34
2016-08-03,-,-,-,3154.9,-,-,-52.29
2016-08-04,-,-,-,3174.24,-,-,19.34
2016-08-05,-,-,-,3226.07,-,-,51.83
2016-08-08,-,-,-,3261.71,-,-,35.64
2016-08-09,-,-,-,3236.96,-,-,-24.75
2016-08-10,-,-,-,3180.29,-,-,-56.67
2016-08-11,-,-,-,3170.67,-,-,-9.62
2016-08-12,-,-,-,3182.55,-,-,11.88
2016-08-16,-,-,-,3201.44,-,-,18.89
2016-08-17,-,-,-,3222.45,-,-,21.01
2016-08-18,-,-,-,3254.28,-,-,31.83
2016-08-19,-,-,-,3274.26,-,-,19.98
2016-08-22,-,-,-,3264.62,-,-,-9.64
2016-08-23,-,-,-,3277.06,-,-,12.44
2016-08-24,-,-,-,3297.83,-,-,20.77
2016-08-25,-,-,-,3259.09,-,-,-38.74
2016-08-26,-,-,-,3257.68,-,-,-1.41
2016-08-29,-,-,-,3252.53,-,-,-5.15
2016-08-30,-,-,-,3289.54,-,-,37.01
2016-08-31,-,-,-,3302.65,-,-,13.11
2016-09-01,-,-,-,3276.99,-,-,-25.66
2016-09-02,-,-,-,3317.63,-,-,40.64
2016-09-06,-,-,-,3346.89,-,-,29.26
2016-09-07,-,-,-,3386.95,-,-,40.06
2016-09-08,-,-,-,3439.7,-,-,52.75
2016-09-09,-,-,-,3402.77,-,-,-36.93
2016-09-12,-,-,-,3281.48,-,-,-121.29
2016-09-14,-,-,-,3357.3,-,-,75.82
2016-09-15,-,-,-,3366.53,-,-,9.23
2016-09-16,-,-,-,3376.06,-,-,9.53
2016-09-19,-,-,-,3403.15,-,-,27.09
2016-09-20,-,-,-,3403.96,-,-,0.81
2016-09-21,-,-,-,3404.48,-,-,0.52
2016-09-22,-,-,-,3449.06,-,-,44.58
2016-09-23,-,-,-,3461.94,-,-,12.88
2016-09-26,-,-,-,3439.73,-,-,-22.21
2016-09-27,-,-,-,3431.13,-,-,-8.6
2016-09-28,-,-,-,3471.81,-,-,40.68
2016-09-29,-,-,-,3269.96,-,-,-201.85
2016-09-30,-,-,-,3361.47,-,-,91.51
2016-10-03,-,-,-,3480.07,-,-,118.6
2016-10-04,-,-,-,3497.55,-,-,17.48
2016-10-05,-,-,-,3515.95,-,-,18.4
2016-10-06,-,-,-,3482.34,-,-,-33.61
2016-10-07,-,-,-,3484.95,-,-,2.61
2016-10-10,-,-,-,3487.69,-,-,2.74
2016-10-13,-,-,-,3432.3,-,-,-55.39
2016-10-14,-,-,-,3457.61,-,-,25.31
2016-10-17,-,-,-,3441.77,-,-,-15.84
2016-10-18,-,-,-,3501.49,-,-,59.72
2016-10-19,-,-,-,3520.15,-,-,18.66
2016-10-20,-,-,-,3547.08,-,-,26.93
2016-10-21,-,-,-,3557.43,-,-,10.35
2016-10-24,-,-,-,3568.68,-,-,11.25
2016-10-25,-,-,-,3571.22,-,-,2.54
2016-10-26,-,-,-,3526.56,-,-,-44.66
2016-10-27,-,-,-,3497.19,-,-,-29.37
2016-10-28,-,-,-,3539.21,85053230,999.34,42.02
2016-10-30,-,-,-,3565.55,-,-,26.34
2016-11-01,-,-,-,3554.67,-,-,-10.88
2016-11-02,-,-,-,3460.89,-,-,-93.78
2016-11-03,-,-,-,3425.28,-,-,-35.61
2016-11-04,-,-,-,3355.77,-,-,-69.51
2016-11-07,-,-,-,3414.54,-,-,58.77
2016-11-08,-,-,-,3435.65,-,-,21.11
2016-11-09,-,-,-,3303.24,-,-,-132.41
2016-11-10,-,-,-,3377.82,-,-,74.58
2016-11-11,-,-,-,3242.23,-,-,-135.59
2016-11-15,-,-,-,3046.76,-,-,-195.47
2016-11-16,-,-,-,3055.06,-,-,8.3
2016-11-17,-,-,-,3036.07,-,-,-18.99
2016-11-18,-,-,-,3039.73,-,-,3.66
2016-11-21,-,-,-,2930.25,-,-,-109.48
2016-11-22,-,-,-,2966.67,-,-,36.42
2016-11-23,-,-,-,3015.14,-,-,48.47
2016-11-24,-,-,-,3001.57,-,-,-13.57
2016-11-25,-,-,-,3060.27,-,-,58.7
2016-11-28,-,-,-,3086.35,-,-,26.08
2016-11-29,-,-,-,3112.69,-,-,26.34
2016-11-30,-,-,-,3163.83,-,-,51.14
2016-12-01,-,-,-,3119.98,-,-,-43.85
2016-12-02,-,-,-,3073.62,-,-,-46.36
2016-12-05,-,-,-,3074.68,-,-,1.06
2016-12-06,-,-,-,3106.24,-,-,31.56
2016-12-07,-,-,-,3077.18,-,-,-29.06
2016-12-08,-,-,-,3130.23,-,-,53.05
2016-12-09,-,-,-,3156.29,-,-,26.06
2016-12-12,-,-,-,3118.43,-,-,-37.86
2016-12-13,-,-,-,3112.3,-,-,-6.13
2016-12-14,-,-,-,3082.64,-,-,-29.66
2016-12-15,-,-,-,3097.34,-,-,14.7
2016-12-16,-,-,-,3068.83,-,-,-28.51
2016-12-19,-,-,-,3053.99,-,-,-14.84
2016-12-20,-,-,-,3008.63,-,-,-45.36
2016-12-21,-,-,-,3014.56,-,-,5.93
2016-12-22,-,-,-,2978.88,-,-,-35.68
2016-12-23,-,-,-,2979.23,-,-,0.35
2016-12-26,-,-,-,2908.51,-,-,-70.72
2016-12-27,-,-,-,2973.02,-,-,64.51
2016-12-28,-,-,-,2999.12,-,-,26.1
2016-12-29,-,-,-,3034.58,-,-,35.46
2016-12-30,-,-,-,3065.15,-,-,30.57
2017-01-02,-,-,-,3103.64,-,-,38.49
2017-01-03,-,-,-,3146.24,-,-,42.6
2017-01-04,-,-,-,3166.56,-,-,20.32
2017-01-05,-,-,-,3196.61,-,-,30.05
2017-01-06,-,-,-,3184.26,-,-,-12.35
2017-01-09,-,-,-,3201.95,-,-,17.69
2017-01-10,-,-,-,3233.44,-,-,31.49
2017-01-11,-,-,-,3268.6,-,-,35.16
2017-01-12,-,-,-,3265.63,-,-,-2.97
2017-01-13,-,-,-,3266.11,-,-,0.48
2017-01-16,-,-,-,3296.12,-,-,30.01
2017-01-17,-,-,-,3301.36,-,-,5.24
2017-01-18,-,-,-,3338.81,-,-,37.45
2017-01-19,-,-,-,3339.53,-,-,0.72
2017-01-20,-,-,-,3261.72,-,-,-77.81
2017-01-23,-,-,-,3278.74,-,-,17.02
2017-01-24,-,-,-,3300.48,-,-,21.74
2017-01-25,-,-,-,3336.83,-,-,36.35
2017-01-27,-,-,-,3368.56,-,-,31.73
2017-01-30,-,-,-,3368.02,-,-,-0.54
2017-01-31,-,-,-,3320.37,-,-,-47.65
2017-02-01,-,-,-,3399.95,-,-,79.58
2017-02-02,-,-,-,3431.09,-,-,31.14
2017-02-03,-,-,-,3495.45,-,-,64.36
2017-02-06,-,-,-,3517.14,-,-,21.69
2017-02-07,-,-,-,3508.18,-,-,-8.96
2017-02-08,-,-,-,3537.61,-,-,29.43
2017-02-09,-,-,-,3548.83,-,-,11.22
2017-02-10,-,-,-,3550.78,-,-,1.95
2017-02-13,-,-,-,3511.96,-,-,-38.82
2017-02-14,-,-,-,3485.96,-,-,-26
2017-02-15,-,-,-,3419.15,-,-,-66.81
2017-02-16,-,-,-,3472.47,-,-,53.32
2017-02-17,-,-,-,3501.48,-,-,29.01
2017-02-20,-,-,-,3530.61,-,-,29.13
2017-02-21,-,-,-,3562.07,-,-,31.46
2017-02-22,-,-,-,3530.88,-,-,-31.19
2017-02-23,-,-,-,3537.93,-,-,7.05
2017-02-27,-,-,-,3535.51,-,-,-2.42
2017-02-28,-,-,-,3587.97,-,-,52.46
2017-03-01,-,-,-,3599.04,-,-,11.07
2017-03-02,-,-,-,3533.62,-,-,-65.42
2017-03-03,-,-,-,3545.69,-,-,12.07
2017-03-06,-,-,-,3568.7,-,-,23.01
2017-03-07,-,-,-,3559.86,-,-,-8.84
2017-03-08,-,-,-,3534.26,-,-,-25.6
2017-03-09,-,-,-,3534.35,-,-,0.09
2017-03-10,-,-,-,3528.16,-,-,-6.19
2017-03-14,-,-,-,3597.88,-,-,69.72
2017-03-15,-,-,-,3629.7,-,-,31.82
2017-03-16,-,-,-,3668.3,-,-,38.6
2017-03-17,-,-,-,3652.97,-,-,-15.33
2017-03-20,-,-,-,3674.32,-,-,21.35
2017-03-21,-,-,-,3677.52,-,-,3.2
2017-03-22,-,-,-,3633.38,-,-,-44.14
2017-03-23,-,-,-,3687.4,-,-,54.02
2017-03-24,-,-,-,3711.96,-,-,24.56
2017-03-27,-,-,-,3705.64,96151768,1393.89,-6.32
2017-03-28,-,-,-,3735.7,83275089,1314.25,30.06
2017-03-29,-,-,-,3752.86,103877530,1489,17.16
2017-03-30,-,-,-,3783.95,165908979,1874.7,31.09
2017-03-31,-,-,-,3822.79,131852130,2241.36,38.84
2017-04-03,-,-,-,3848.62,80345795,1532.33,25.83
2017-04-05,-,-,-,3881.19,104969753,1572.32,32.57
2017-04-06,-,-,-,3873.58,89929497,1590.6,-7.61
2017-04-07,-,-,-,3836.11,87008564,1624.62,-37.47
2017-04-10,-,-,-,3874.57,79289124,1346.6,38.46
2017-04-11,-,-,-,3940.73,113850261,1937.25,66.16
2017-04-12,-,-,-,3934.97,121766476,1839.59,-5.76
2017-04-13,-,-,-,3940.12,113499486,1745.99,5.15
2017-04-17,-,-,-,3980.17,306560903,4193.93,40.05
2017-04-18,-,-,-,3936.28,194784013,3282.01,-43.89
2017-04-19,-,-,-,3979.8,174940097,2599.16,43.52
2017-04-20,-,-,-,4058.74,186446584,2996.56,78.94
2017-04-21,-,-,-,4076.04,165000819,2462,17.3
2017-04-24,-,-,-,4120.31,184676314,2853.32,44.27
2017-04-25,-,-,-,4153.3,115915470,2186.83,32.99
2017-04-26,-,-,-,4127.47,159694961,2912,-25.83
2017-04-27,-,-,-,4135.63,119385845,2229.48,8.16
2017-04-28,-,-,-,4145.92,182745563,2595.98,10.29
2017-05-02,-,-,-,4172.2,152832353,2540.35,26.28
2017-05-03,-,-,-,4179.4,130440311,2363.52,7.2
2017-05-04,-,-,-,4200.44,123020624,2005.86,21.04
2017-05-05,-,-,-,4154.18,152021599,2649.89,-46.26
2017-05-08,-,-,-,4207.56,140347173,2362.46,53.38
2017-05-09,-,-,-,4244.75,159373216,2347.1,37.19
2017-05-10,-,-,-,4283.49,133022183,2546.76,38.74
2017-05-11,-,-,-,4279.29,112049554,2124.71,-4.2
2017-05-12,-,-,-,4238.71,126818074,2111.89,-40.58
2017-05-15,-,-,-,4283.4,120020681,1811.95,44.69
2017-05-16,-,-,-,4317.82,142235395,2233.07,34.42
2017-05-17,-,-,-,4300.53,116657327,2594.44,-17.29
2017-05-18,-,-,-,4185.11,105407939,2288.62,-115.42
2017-05-19,-,-,-,4145.4,113189070,2120.89,-39.71
2017-05-22,-,-,-,4070.99,89852557,1654.31,-74.41
2017-05-23,-,-,-,3982.23,131168296,2205.68,-88.76
2017-05-24,-,-,-,3877.63,137985913,2263.89,-104.6
2017-05-25,-,-,-,3996.32,157402529,2721.95,118.69
2017-05-26,-,-,-,4077.32,109534427,1949.87,81
2017-05-29,-,-,-,3980.74,107174558,1822.78,-96.58
2017-05-30,-,-,-,4004.43,105981718,1773.71,23.69
2017-05-31,-,-,-,4069.3,137868020,2396.42,64.87
2017-06-01,-,-,-,4116.51,94064990,2052.17,47.21
2017-06-02,-,-,-,4145.11,87817823,1814.17,28.6
2017-06-05,-,-,-,4180.07,91340392,2040.08,34.96
2017-06-06,-,-,-,4136.19,90119748,2244.02,-43.88
2017-06-07,-,-,-,4178.1,92741591,2062.44,41.91
2017-06-08,-,-,-,4181.75,96287576,1865.8,3.65
2017-06-09,-,-,-,4207.41,124023984,2106.68,25.66
2017-06-12,-,-,-,4188.42,99408696,2109.51,-18.99
2017-06-13,-,-,-,4194.71,-,-,6.29
2017-06-14,-,-,-,4220.48,113931104,2180.4,25.77
2017-06-15,-,-,-,4238.6,128720879,2363.19,18.12
2017-06-16,-,-,-,4264.98,134081654,2838.28,26.38
2017-06-19,-,-,-,4262.07,107757724,2391,-2.91
2017-06-20,-,-,-,4269.87,92628809,2353.21,7.8
2017-06-21,-,-,-,4277.51,100609863,2273.25,7.64
2017-06-22,-,-,-,4242.77,166043103,3445.32,-34.74
2017-06-23,-,-,-,4173.21,137982601,2897.07,-69.56
2017-06-27,-,-,-,4081.23,91768115,1874.74,-91.98
2017-06-28,-,-,-,4094.33,88206908,1915.8,13.1
2017-06-29,-,-,-,4140.93,103987582,2231.18,46.6
2017-06-30,-,-,-,4143.79,97918459,2077.69,2.86
2017-07-03,-,-,-,4206.03,91798400,2049.05,62.24
2017-07-04,-,-,-,4195.9,74519092,1778.82,-10.13
2017-07-05,-,-,-,4250.84,102113238,2373.84,54.94
2017-07-06,-,-,-,4261.64,112019107,2297.61,10.8
2017-07-07,-,-,-,4257.54,72134272,1646.83,-4.1
2017-07-10,-,-,-,4298.06,20302847,412.76,40.52
2017-07-11,-,-,-,4254.54,76098524,1796.07,-43.52
2017-07-12,-,-,-,4295.12,80909354,1763.64,40.58
2017-07-13,-,-,-,4322.14,91216631,2147.2,27.02
2017-07-14,-,-,-,4302.45,69129647,1498.98,-19.69
2017-07-17,-,-,-,4309.26,79977946,1679.57,6.81
2017-07-18,-,-,-,4271.5,85790328,1890.79,-37.76
2017-07-19,-,-,-,4313.8,90971709,2043.14,42.3
2017-07-20,-,-,-,4311.56,83860112,2029.42,-2.24
2017-07-21,-,-,-,4301.19,110290417,2017.28,-10.37
2017-07-24,-,-,-,4318.74,103022726,2244.56,17.55
2017-07-25,-,-,-,4338.79,78744271,1835.75,20.05
2017-07-26,-,-,-,4358.32,97839376,2106.72,19.53
2017-07-27,-,-,-,4334.32,164910123,3960.74,-24
2017-07-28,-,-,-,4332.75,97224191,2266.58,-1.57
2017-07-31,-,-,-,4342.1,89159550,1985.67,9.35
2017-08-01,-,-,-,4353.08,72021267,1987.54,10.98
2017-08-02,-,-,-,4342.19,115679507,2575.45,-10.89
2017-08-03,-,-,-,4295.92,88487080,2132.12,-46.27
2017-08-04,-,-,-,4300.27,138511894,3077.39,4.35
2017-08-07,-,-,-,4333.03,124127240,2714.44,32.76
2017-08-08,-,-,-,4241.07,167642269,2899.7,-91.96
2017-08-09,-,-,-,4171.24,281974000,3105.18,-69.83
2017-08-10,-,-,-,3981.25,168755463,3001.14,-189.99
2017-08-11,-,-,-,3987.88,164650203,2780.94,6.63
2017-08-14,-,-,-,4088.39,123877699,2157.53,100.51
2017-08-16,-,-,-,4144.07,95457089,2030.14,55.68
2017-08-17,-,-,-,4178.46,97410385,2512.39,34.39
2017-08-18,-,-,-,4158.77,87843799,2269.39,-19.69
2017-08-21,-,-,-,4075.43,67159009,1627.12,-83.34
2017-08-22,-,-,-,4042.38,76741699,1784.83,-33.05
2017-08-23,-,-,-,4119.44,91745487,1859.18,77.06
2017-08-24,-,-,-,4116.88,78829312,1470.74,-2.56
2017-08-28,-,-,-,4179.14,72143334,1360.68,62.26
2017-08-29,-,-,-,4116.94,81264360,1762.98,-62.2
2017-08-30,-,-,-,4186.96,83071356,2003.74,70.02
2017-08-31,-,-,-,4243.04,147249488,3000.82,56.08
2017-09-01,-,-,-,4297.13,119634598,2793.46,54.09
2017-09-04,-,-,-,4271.16,87460655,2192.46,-25.97
2017-09-05,-,-,-,4336.32,118809589,2257.37,65.16
2017-09-06,-,-,-,4353.02,115614015,2159.08,16.7
2017-09-07,-,-,-,4378.53,110485226,2226.35,25.51
2017-09-08,-,-,-,4354.7,92019702,1842.99,-23.83
2017-09-11,-,-,-,4358.15,71613350,1525.83,3.45
2017-09-12,-,-,-,4394.03,89025863,1947.12,35.88
2017-09-13,-,-,-,4360.26,88541735,1985.74,-33.77
2017-09-14,-,-,-,4374.39,81086326,1574.85,14.13
2017-09-15,-,-,-,4371.25,128994876,2173.35,-3.14
2017-09-18,-,-,-,4408.34,135502562,2758.87,37.09
2017-09-19,-,-,-,4439.61,138561834,2907.01,31.27
2017-09-20,-,-,-,4413.14,98036036,1677.86,-26.47
2017-09-21,-,-,-,4355.06,85938290,1656.35,-58.08
2017-09-22,-,-,-,4190.6,98586581,1869.42,-164.46
2017-09-25,-,-,-,4072.03,154561798,2558.77,-118.57
2017-09-26,-,-,-,4118.33,108018522,1900.76,46.3
2017-09-27,-,-,-,4015.62,95815126,1754.78,-102.71
2017-09-28,-,-,-,4045.65,102208510,1973.5,30.03
2017-09-29,-,-,-,4115.69,129639197,2290.23,70.04
